Date,Campaign,Impressions,Clicks,Conversions,Cost,Revenue,Channel,Platform
2024-04-12,New Product Launch - Search,70350,4343.0,103.0,103.38,2285.25,Search,Bing Ads
2024-06-28,Summer Sale 2024 - Search,46893,2707.0,46.0,750.52,4687.79,Search,Bing Ads
2024-04-02,Summer Sale 2024 - Social,62272,3698.0,412.0,814.59,4920.96,Social Media,TikTok
2024-01-15,New Product Launch - Display,93152,4998.0,494.0,709.77,3992.6,Display,Google Display Network
2024-04-16,New Product Launch - Search,68649,3638.0,475.0,967.59,3795.95,Search,Google Ads
2024-03-12,New Product Launch - Search,65674,1587.0,317.40000000000003,828.39,3418.76,Search,Google Ads
2024-01-21,Summer Sale 2024 - Search,14760,1476.0,295.2,904.06,872.07,Search,Google Ads
2024-04-12,Retargeting - Display,22927,147.0,29.400000000000002,934.24,342.57,Display,Programmatic Display
2024-05-01,New Product Launch - Display,87475,3265.0,483.0,803.33,3469.1,Display,Programmatic Display
2024-03-15,Brand Awareness - Social,62367,4580.0,421.0,677.52,3657.49,Social Media,TikTok
2024-03-28,New Product Launch - Search,98955,4782.0,385.0,15.66,282.52,Search,Google Ads
2024-04-26,Summer Sale 2024 - Search,13588,1358.8000000000002,195.0,471.17,4643.86,Search,Google Ads
2024-04-09,Brand Awareness - Social,53233,3207.0,367.0,575.45,501.15,Social Media,Instagram
2024-04-13,Retargeting - Display,45738,4573.8,280.0,310.99,1465.21,Display,Google Display Network
2024-05-31,New Product Launch - Display,34397,393.0,78.60000000000001,324.92,3378.33,Display,Programmatic Display
2024-05-10,Retargeting - Display,83189,4716.0,40.0,961.55,890.87,Display,Programmatic Display
2024-05-29,New Product Launch - Search,77367,660.0,132.0,892.79,324.31,Search,Bing Ads
2024-02-22,Brand Awareness - Social,72260,1777.0,189.0,850.69,1689.18,Social Media,LinkedIn
2024-01-02,Brand Awareness - Social,77619,2340.0,164.0,411.95,3841.56,Social Media,TikTok
2024-03-28,Brand Awareness - Social,20816,1904.0,380.8,23.56,2097.71,Social Media,LinkedIn
2024-06-06,New Product Launch - Search,43240,2658.0,477.0,89.42,3282.22,Search,Bing Ads
2024-02-07,New Product Launch - Search,7276,727.6,24.0,319.07,2919.11,Search,Google Ads
2024-05-09,Retargeting - Display,80530,2374.0,24.0,25.59,159.98,Display,Programmatic Display
2024-01-21,Summer Sale 2024 - Social,24499,2449.9,489.98,26.98,4943.27,Social Media,LinkedIn
2024-06-09,Retargeting - Display,89576,1227.0,4.0,917.44,255.07,Display,Programmatic Display
2024-02-27,New Product Launch - Display,83495,1141.0,228.20000000000002,709.1,4840.62,Display,Google Display Network
2024-01-22,Summer Sale 2024 - Search,72635,2841.0,290.0,315.87,2771.83,Search,Bing Ads
2024-03-29,Brand Awareness - Social,86112,1799.0,359.8,141.32,4817.64,Social Media,Instagram
2024-02-18,Summer Sale 2024 - Social,36946,2725.0,433.0,516.52,618.03,Social Media,TikTok
2024-02-28,Summer Sale 2024 - Search,56204,831.0,166.20000000000002,15.29,2477.52,Search,Google Ads
2024-06-18,Summer Sale 2024 - Social,52886,3098.0,181.0,939.03,889.05,Social Media,LinkedIn
2024-01-15,Retargeting - Display,72652,2155.0,248.0,420.67,302.33,Display,Programmatic Display
2024-06-23,New Product Launch - Search,16563,1656.3000000000002,116.0,408.31,3106.77,Search,Google Ads
2024-02-20,Brand Awareness - Social,93324,4592.0,279.0,396.69,1078.53,Social Media,Instagram
2024-04-17,Retargeting - Display,93464,2163.0,365.0,78.64,2959.1,Display,Google Display Network
2024-02-24,Summer Sale 2024 - Search,10847,1084.7,69.0,641.94,606.2,Search,Bing Ads
2024-03-04,Summer Sale 2024 - Search,27155,2041.0,351.0,735.67,1693.33,Search,Google Ads
2024-05-10,Summer Sale 2024 - Search,80671,1117.0,223.4,679.36,3919.08,Search,Bing Ads
2024-02-20,Summer Sale 2024 - Search,84310,1627.0,181.0,147.05,2213.41,Search,Google Ads
2024-05-14,Summer Sale 2024 - Search,68278,1061.0,212.20000000000002,583.05,3157.34,Search,Google Ads
2024-01-21,Summer Sale 2024 - Social,19309,1930.9,169.0,573.79,3254.92,Social Media,TikTok
2024-03-13,Retargeting - Display,1619,161.9,32.38,869.73,4226.59,Display,Google Display Network
2024-06-15,Brand Awareness - Social,84194,1864.0,249.0,385.34,1658.37,Social Media,TikTok
2024-01-18,New Product Launch - Search,51108,2476.0,188.0,377.77,3452.11,Search,Bing Ads
2024-05-11,New Product Launch - Search,35707,3570.7000000000003,54.0,622.34,4810.0,Search,Bing Ads
2024-03-29,Retargeting - Display,21337,2133.7000000000003,326.0,636.74,3664.7,Display,Google Display Network
2024-02-29,Retargeting - Display,82537,2601.0,357.0,474.59,2474.86,Display,Programmatic Display
2024-01-14,New Product Launch - Search,67504,3707.0,313.0,448.63,3172.05,Search,Bing Ads
2024-01-09,New Product Launch - Search,48614,57.0,11.4,499.21,3711.43,Search,Bing Ads
2024-03-30,Summer Sale 2024 - Social,92428,2605.0,168.0,862.43,3080.77,Social Media,Instagram
2024-02-22,New Product Launch - Display,92155,525.0,105.0,466.56,132.55,Display,Programmatic Display
2024-05-09,Brand Awareness - Social,1281,128.1,25.62,940.53,1014.13,Social Media,LinkedIn
2024-03-24,Summer Sale 2024 - Search,28420,534.0,106.80000000000001,508.96,4061.82,Search,Google Ads
2024-04-01,New Product Launch - Display,81896,4704.0,85.0,949.71,1399.62,Display,Programmatic Display
2024-04-20,Retargeting - Display,40030,2335.0,317.0,834.5,3671.23,Display,Programmatic Display
2024-06-20,New Product Launch - Search,2058,205.8,41.160000000000004,368.81,1892.0,Search,Bing Ads
2024-01-08,New Product Launch - Display,87213,3575.0,3.0,865.01,2633.33,Display,Google Display Network
2024-06-23,Brand Awareness - Social,77260,3389.0,384.0,118.96,386.47,Social Media,Instagram
2024-02-04,Retargeting - Display,29404,2872.0,179.0,925.8,947.07,Display,Programmatic Display
2024-03-21,Summer Sale 2024 - Search,30856,3085.6000000000004,342.0,635.33,4788.12,Search,Bing Ads
2024-06-12,Summer Sale 2024 - Search,10200,1020.0,204.0,63.85,4456.18,Search,Google Ads
2024-02-19,Brand Awareness - Social,65178,308.0,61.6,647.81,3278.76,Social Media,LinkedIn
2024-04-13,Brand Awareness - Social,34997,332.0,66.4,974.51,2325.24,Social Media,TikTok
2024-05-11,New Product Launch - Search,26611,1948.0,332.0,79.1,3395.02,Search,Bing Ads
2024-01-02,Summer Sale 2024 - Search,42235,4185.0,38.0,559.14,3112.12,Search,Google Ads
2024-05-13,Retargeting - Display,36057,3026.0,499.0,750.32,2864.33,Display,Google Display Network
2024-02-23,New Product Launch - Display,2239,223.9,44.78,812.16,342.93,Display,Google Display Network
2024-04-15,Retargeting - Display,66661,3250.0,239.0,419.69,3182.37,Display,Programmatic Display
2024-01-04,Summer Sale 2024 - Social,46272,662.0,132.4,212.12,3856.15,Social Media,TikTok
2024-02-23,Summer Sale 2024 - Social,90393,737.0,147.4,51.92,4970.7,Social Media,TikTok
2024-05-25,Brand Awareness - Social,62212,3740.0,397.0,583.93,104.84,Social Media,TikTok
2024-02-13,New Product Launch - Search,16398,662.0,132.4,458.38,3664.36,Search,Google Ads
2024-06-10,Summer Sale 2024 - Social,57503,2357.0,314.0,949.26,2880.36,Social Media,Instagram
2024-01-14,Summer Sale 2024 - Search,7638,763.8000000000001,152.76000000000002,70.0,2198.56,Search,Bing Ads
2024-04-04,Retargeting - Display,7570,757.0,30.0,688.54,681.47,Display,Programmatic Display
2024-02-17,Retargeting - Display,69785,2641.0,190.0,34.72,2074.97,Display,Programmatic Display
2024-01-15,Brand Awareness - Social,10110,1011.0,202.20000000000002,179.72,1804.17,Social Media,Facebook
2024-02-09,New Product Launch - Display,80141,4008.0,25.0,459.04,1549.01,Display,Programmatic Display
2024-03-22,Brand Awareness - Social,13115,624.0,112.0,460.32,3667.85,Social Media,TikTok
2024-04-20,New Product Launch - Display,40062,1960.0,392.0,688.84,3518.59,Display,Programmatic Display
2024-02-22,Brand Awareness - Social,23911,2391.1,435.0,911.11,2965.65,Social Media,Instagram
2024-01-24,Brand Awareness - Social,33556,719.0,143.8,642.64,4696.39,Social Media,LinkedIn
2024-06-02,Brand Awareness - Social,79131,4414.0,185.0,954.0,1781.78,Social Media,TikTok
2024-05-03,New Product Launch - Display,2969,296.90000000000003,59.38000000000001,882.8,1256.82,Display,Programmatic Display
2024-02-10,New Product Launch - Display,44753,973.0,194.60000000000002,588.65,3296.72,Display,Programmatic Display
2024-06-05,Brand Awareness - Social,83811,1175.0,235.0,835.45,1034.13,Social Media,Instagram
2024-01-15,Summer Sale 2024 - Social,5470,547.0,47.0,646.15,1609.3,Social Media,Facebook
2024-02-14,New Product Launch - Search,11225,1122.5,224.5,87.77,1161.78,Search,Bing Ads
2024-03-05,New Product Launch - Search,24196,296.0,59.2,743.16,392.31,Search,Bing Ads
2024-03-29,New Product Launch - Search,14669,1466.9,39.0,103.96,4146.12,Search,Google Ads
2024-03-11,New Product Launch - Display,38380,1610.0,16.0,598.14,1309.98,Display,Google Display Network
2024-01-09,New Product Launch - Display,49320,2450.0,22.0,705.61,2391.49,Display,Programmatic Display
2024-03-28,Summer Sale 2024 - Social,48414,2293.0,213.0,75.86,264.41,Social Media,Instagram
2024-05-08,New Product Launch - Search,16577,1657.7,310.0,238.49,3511.73,Search,Bing Ads
2024-05-15,New Product Launch - Search,89009,1989.0,149.0,916.52,1686.28,Search,Google Ads
2024-03-03,Brand Awareness - Social,56409,3119.0,456.0,620.15,3736.45,Social Media,TikTok
2024-05-18,New Product Launch - Display,29625,276.0,55.2,253.82,2091.4,Display,Google Display Network
2024-03-21,New Product Launch - Search,82040,3597.0,272.0,693.77,1018.99,Search,Bing Ads
2024-05-15,Retargeting - Display,25089,314.0,59.0,600.81,2590.22,Display,Google Display Network
2024-06-11,Summer Sale 2024 - Social,37487,1445.0,287.0,506.56,696.0,Social Media,LinkedIn
2024-06-11,Retargeting - Display,66838,3607.0,426.0,976.43,2230.67,Display,Google Display Network
2024-02-02,Retargeting - Display,97999,695.0,139.0,686.62,1620.66,Display,Google Display Network
2024-05-02,Summer Sale 2024 - Social,95795,3040.0,32.0,381.69,4564.2,Social Media,Facebook
2024-01-05,Retargeting - Display,51138,1949.0,389.8,802.07,351.6,Display,Programmatic Display
2024-02-10,New Product Launch - Search,43823,2554.0,162.0,885.74,3485.39,Search,Bing Ads
2024-01-28,New Product Launch - Display,38208,2822.0,255.0,133.97,954.62,Display,Programmatic Display
2024-05-14,Summer Sale 2024 - Social,55061,1204.0,240.8,208.55,1629.27,Social Media,Instagram
2024-03-12,Brand Awareness - Social,31659,637.0,9.0,224.06,2106.79,Social Media,TikTok
2024-01-12,Retargeting - Display,32890,3289.0,465.0,694.3,4544.67,Display,Programmatic Display
2024-06-10,Summer Sale 2024 - Social,80134,1871.0,139.0,607.01,1250.76,Social Media,Facebook
2024-02-02,Summer Sale 2024 - Search,48055,1035.0,207.0,622.8,501.98,Search,Bing Ads
2024-02-17,Summer Sale 2024 - Search,20508,2050.8,10.0,941.37,1627.51,Search,Bing Ads
2024-05-30,New Product Launch - Display,43287,3398.0,214.0,778.15,568.15,Display,Google Display Network
2024-03-02,New Product Launch - Search,79916,3881.0,273.0,136.66,686.55,Search,Google Ads
2024-02-06,New Product Launch - Display,27984,1291.0,258.2,354.03,2890.56,Display,Programmatic Display
2024-04-08,New Product Launch - Display,9125,239.0,47.800000000000004,441.04,351.46,Display,Programmatic Display
2024-06-20,New Product Launch - Display,37059,1030.0,206.0,402.0,203.11,Display,Google Display Network
2024-04-13,New Product Launch - Display,70569,1748.0,111.0,672.62,3586.35,Display,Google Display Network
2024-02-04,Brand Awareness - Social,18087,1765.0,153.0,892.97,1840.15,Social Media,Facebook
2024-04-10,Brand Awareness - Social,6704,670.4000000000001,123.0,312.99,670.61,Social Media,TikTok
2024-06-23,Summer Sale 2024 - Social,61576,4186.0,405.0,556.36,1305.38,Social Media,Facebook
2024-05-10,Summer Sale 2024 - Search,74384,4483.0,357.0,791.52,3228.33,Search,Bing Ads
2024-01-01,New Product Launch - Display,88128,1148.0,102.0,422.06,1413.91,Display,Programmatic Display
2024-01-05,Summer Sale 2024 - Social,73460,2376.0,241.0,176.44,2497.88,Social Media,LinkedIn
2024-05-21,Summer Sale 2024 - Search,28208,2820.8,321.0,480.2,652.39,Search,Bing Ads
2024-04-12,Retargeting - Display,86150,945.0,189.0,64.67,2961.06,Display,Google Display Network
2024-01-27,New Product Launch - Search,67024,1724.0,217.0,942.96,1614.58,Search,Google Ads
2024-05-16,Brand Awareness - Social,40882,2959.0,51.0,84.07,3153.49,Social Media,TikTok
2024-01-15,Retargeting - Display,26923,980.0,196.0,444.07,4051.55,Display,Programmatic Display
2024-03-30,Summer Sale 2024 - Search,30165,3016.5,81.0,534.58,3077.65,Search,Google Ads
2024-02-11,Retargeting - Display,68203,773.0,154.60000000000002,985.45,1513.95,Display,Google Display Network
2024-05-03,New Product Launch - Search,92749,2990.0,383.0,174.36,1315.93,Search,Bing Ads
2024-06-27,Summer Sale 2024 - Search,5114,511.40000000000003,88.0,123.29,1670.73,Search,Bing Ads
2024-03-03,Retargeting - Display,65965,4628.0,194.0,18.62,864.87,Display,Programmatic Display
2024-04-05,Brand Awareness - Social,37321,985.0,104.0,164.02,946.8,Social Media,TikTok
2024-02-21,Brand Awareness - Social,74297,2345.0,271.0,215.2,3963.92,Social Media,TikTok
2024-04-05,Summer Sale 2024 - Social,97652,205.0,41.0,634.28,1954.43,Social Media,LinkedIn
2024-05-11,Retargeting - Display,26426,1120.0,224.0,227.51,2208.18,Display,Programmatic Display
2024-05-30,New Product Launch - Display,18772,1877.2,375.44000000000005,30.32,2990.54,Display,Google Display Network
2024-05-22,Retargeting - Display,4712,471.20000000000005,94.24000000000001,828.35,2968.78,Display,Programmatic Display
2024-06-19,Summer Sale 2024 - Search,2367,236.70000000000002,1.0,371.94,383.52,Search,Google Ads
2024-01-29,Summer Sale 2024 - Search,92736,3880.0,495.0,360.16,4166.13,Search,Bing Ads
2024-02-05,Retargeting - Display,52924,904.0,180.8,309.45,927.77,Display,Programmatic Display
2024-01-13,New Product Launch - Search,4726,472.6,94.52000000000001,975.62,3629.2,Search,Bing Ads
2024-06-08,Brand Awareness - Social,90152,2288.0,167.0,178.41,3874.72,Social Media,Facebook
2024-03-11,Summer Sale 2024 - Search,28723,1652.0,126.0,899.26,3588.75,Search,Google Ads
2024-03-26,Brand Awareness - Social,10108,491.0,98.2,779.04,2915.94,Social Media,Instagram
2024-01-28,Summer Sale 2024 - Search,78714,4678.0,81.0,85.72,122.31,Search,Google Ads
2024-03-06,Summer Sale 2024 - Social,36643,1386.0,277.2,986.86,1833.86,Social Media,LinkedIn
2024-06-18,New Product Launch - Display,32324,3232.4,251.0,278.65,3043.96,Display,Programmatic Display
2024-02-14,Summer Sale 2024 - Search,84360,998.0,169.0,107.6,1967.88,Search,Google Ads
2024-03-02,Brand Awareness - Social,9927,992.7,198.54000000000002,831.02,4324.23,Social Media,TikTok
2024-05-13,Summer Sale 2024 - Social,94680,509.0,73.0,709.61,1578.57,Social Media,Facebook
2024-01-28,Summer Sale 2024 - Search,97546,4696.0,141.0,621.05,1503.0,Search,Google Ads
2024-01-28,New Product Launch - Search,23443,442.0,70.0,164.42,1366.69,Search,Bing Ads
2024-04-17,New Product Launch - Display,80973,3988.0,262.0,483.71,1697.27,Display,Google Display Network
2024-02-13,Summer Sale 2024 - Search,64449,1837.0,340.0,782.75,2809.15,Search,Google Ads
2024-03-24,Summer Sale 2024 - Social,77743,4990.0,308.0,310.59,3549.73,Social Media,LinkedIn
2024-01-30,New Product Launch - Search,61233,2307.0,245.0,318.57,3329.71,Search,Bing Ads
2024-03-15,Retargeting - Display,26537,1188.0,3.0,13.11,4048.2,Display,Programmatic Display
2024-05-07,Summer Sale 2024 - Social,78576,3858.0,337.0,182.5,4435.27,Social Media,LinkedIn
2024-04-01,Summer Sale 2024 - Social,23612,2361.2000000000003,63.0,876.65,4089.59,Social Media,TikTok
2024-05-08,New Product Launch - Search,94977,2504.0,49.0,447.33,143.78,Search,Google Ads
2024-04-30,Summer Sale 2024 - Social,7471,747.1,76.0,984.39,3692.79,Social Media,Instagram
2024-01-27,New Product Launch - Search,36631,3663.1000000000004,368.0,401.75,1081.58,Search,Bing Ads
2024-04-30,Summer Sale 2024 - Search,93059,1427.0,175.0,718.03,707.99,Search,Google Ads
2024-04-25,New Product Launch - Search,32348,2647.0,109.0,289.1,3210.52,Search,Google Ads
2024-01-03,New Product Launch - Search,65732,191.0,38.2,370.17,1632.73,Search,Google Ads
2024-04-12,New Product Launch - Display,2177,217.70000000000002,43.540000000000006,198.82,332.73,Display,Google Display Network
2024-06-03,New Product Launch - Search,5760,576.0,65.0,353.59,731.27,Search,Google Ads
2024-05-16,New Product Launch - Search,33779,889.0,177.8,551.77,54.6,Search,Bing Ads
2024-03-02,Retargeting - Display,22636,2263.6,451.0,991.86,4520.96,Display,Programmatic Display
2024-06-13,Summer Sale 2024 - Search,82889,3967.0,474.0,667.56,171.86,Search,Bing Ads
2024-02-20,New Product Launch - Display,54551,645.0,129.0,207.25,1086.81,Display,Programmatic Display
2024-06-20,Retargeting - Display,12556,1255.6000000000001,100.0,54.51,2110.5,Display,Google Display Network
2024-05-31,Brand Awareness - Social,28598,330.0,32.0,135.09,1815.03,Social Media,LinkedIn
2024-02-28,Summer Sale 2024 - Search,12563,473.0,94.60000000000001,566.93,4563.04,Search,Google Ads
2024-04-27,Summer Sale 2024 - Search,47819,4415.0,128.0,767.51,249.43,Search,Google Ads
2024-06-08,Brand Awareness - Social,74770,4299.0,452.0,941.02,2585.46,Social Media,Facebook
2024-04-05,New Product Launch - Search,92055,1800.0,360.0,25.66,3418.37,Search,Google Ads
2024-06-28,Retargeting - Display,27966,2796.6000000000004,369.0,527.53,4661.9,Display,Google Display Network
2024-04-22,Summer Sale 2024 - Social,82709,2017.0,339.0,476.16,3120.84,Social Media,Facebook
2024-03-02,New Product Launch - Display,60889,4138.0,43.0,659.49,4028.59,Display,Google Display Network
2024-02-21,Summer Sale 2024 - Social,27987,2798.7000000000003,372.0,563.98,464.44,Social Media,LinkedIn
2024-01-12,Brand Awareness - Social,79714,2996.0,419.0,690.17,1960.4,Social Media,Facebook
2024-02-08,Summer Sale 2024 - Search,59348,1499.0,299.8,661.5,1901.04,Search,Bing Ads
2024-05-09,Summer Sale 2024 - Search,25596,2381.0,78.0,125.84,4437.13,Search,Bing Ads
2024-05-10,New Product Launch - Display,34174,2270.0,314.0,801.72,799.29,Display,Google Display Network
2024-04-22,Summer Sale 2024 - Search,65106,3839.0,289.0,132.0,801.84,Search,Google Ads
2024-04-10,Summer Sale 2024 - Search,70967,2860.0,270.0,701.55,1676.36,Search,Bing Ads
2024-04-22,New Product Launch - Display,60182,4778.0,162.0,421.98,319.61,Display,Programmatic Display
2024-03-21,Retargeting - Display,94300,1581.0,189.0,518.71,953.17,Display,Programmatic Display
2024-04-22,Retargeting - Display,88163,4932.0,247.0,904.27,4827.79,Display,Programmatic Display
2024-01-02,New Product Launch - Display,40310,3040.0,388.0,890.98,2169.51,Display,Google Display Network
2024-05-09,Brand Awareness - Social,57088,4543.0,216.0,819.68,3178.5,Social Media,TikTok
2024-02-23,Summer Sale 2024 - Search,9906,990.6,198.12,515.05,3644.25,Search,Google Ads
2024-03-27,Summer Sale 2024 - Search,37914,983.0,196.60000000000002,738.88,1866.46,Search,Bing Ads
2024-05-08,Brand Awareness - Social,46379,1510.0,302.0,517.77,778.77,Social Media,Facebook
2024-05-26,Retargeting - Display,79612,2773.0,390.0,870.91,1072.58,Display,Programmatic Display
2024-05-05,New Product Launch - Search,38650,2562.0,377.0,408.75,1600.67,Search,Google Ads
2024-05-09,New Product Launch - Search,47881,335.0,67.0,970.53,3198.54,Search,Bing Ads
2024-02-22,New Product Launch - Search,47413,314.0,62.800000000000004,933.0,2021.49,Search,Google Ads
2024-06-20,Retargeting - Display,7012,701.2,140.24,744.19,83.73,Display,Google Display Network
2024-06-08,Retargeting - Display,51115,3497.0,339.0,286.62,2640.87,Display,Programmatic Display
2024-06-08,Brand Awareness - Social,8151,815.1,163.02,140.34,4611.49,Social Media,Instagram
2024-03-08,Summer Sale 2024 - Search,58716,1812.0,362.40000000000003,856.16,4069.78,Search,Bing Ads
2024-05-02,Brand Awareness - Social,94747,3098.0,283.0,173.65,4134.8,Social Media,LinkedIn
2024-05-24,Brand Awareness - Social,93653,2431.0,336.0,855.72,3985.54,Social Media,Instagram
2024-02-07,Retargeting - Display,37378,2319.0,390.0,495.86,1652.47,Display,Google Display Network
2024-01-24,New Product Launch - Search,43652,90.0,18.0,412.49,3837.71,Search,Bing Ads
2024-03-09,Summer Sale 2024 - Social,73430,117.0,13.0,904.16,758.65,Social Media,TikTok
2024-04-25,Summer Sale 2024 - Search,14467,1037.0,207.4,607.81,3305.69,Search,Google Ads
2024-04-07,Retargeting - Display,32010,3201.0,320.0,580.85,3225.76,Display,Google Display Network
2024-05-18,New Product Launch - Search,55691,3248.0,446.0,563.18,176.57,Search,Google Ads
2024-05-23,Summer Sale 2024 - Social,65157,4840.0,483.0,377.46,3950.45,Social Media,Facebook
2024-04-06,Summer Sale 2024 - Social,13289,1328.9,147.0,787.79,4521.08,Social Media,Instagram
2024-05-03,Retargeting - Display,45976,1135.0,204.0,260.27,1373.71,Display,Programmatic Display
2024-03-10,New Product Launch - Display,44596,2529.0,80.0,939.51,4071.33,Display,Google Display Network
2024-04-02,Summer Sale 2024 - Search,24171,1743.0,348.6,895.05,457.91,Search,Google Ads
2024-01-03,Summer Sale 2024 - Social,87365,2365.0,43.0,344.11,3019.84,Social Media,LinkedIn
2024-05-27,Retargeting - Display,45139,828.0,165.60000000000002,732.17,2453.95,Display,Programmatic Display
2024-06-12,Retargeting - Display,49713,4639.0,89.0,577.49,2752.32,Display,Google Display Network
2024-05-26,New Product Launch - Search,30734,1635.0,148.0,344.27,4634.72,Search,Bing Ads
2024-03-30,New Product Launch - Display,73588,1542.0,95.0,988.64,4363.01,Display,Programmatic Display
2024-05-26,Summer Sale 2024 - Search,64646,710.0,142.0,34.98,3936.16,Search,Bing Ads
2024-05-27,Brand Awareness - Social,4654,465.40000000000003,93.08000000000001,260.12,1404.81,Social Media,Facebook
2024-04-05,New Product Launch - Search,90022,1349.0,151.0,524.87,4563.5,Search,Bing Ads
2024-02-21,Summer Sale 2024 - Social,19743,1974.3000000000002,2.0,526.73,532.66,Social Media,TikTok
2024-06-09,Summer Sale 2024 - Social,49368,2036.0,376.0,593.04,4273.98,Social Media,TikTok
2024-06-16,New Product Launch - Search,91025,2094.0,22.0,754.16,1674.39,Search,Google Ads
2024-05-07,Retargeting - Display,75172,3566.0,371.0,627.24,316.17,Display,Google Display Network
2024-02-08,Summer Sale 2024 - Social,7441,744.1,148.82000000000002,604.28,3363.32,Social Media,TikTok
2024-03-22,New Product Launch - Display,25611,1026.0,205.20000000000002,62.98,1194.84,Display,Programmatic Display
2024-04-13,Summer Sale 2024 - Search,13149,1314.9,262.98,382.76,1255.68,Search,Google Ads
2024-05-08,New Product Launch - Display,60189,777.0,7.0,239.74,1564.93,Display,Google Display Network
2024-01-11,Summer Sale 2024 - Social,22675,2267.5,206.0,272.72,365.24,Social Media,TikTok
2024-06-26,Brand Awareness - Social,72031,3186.0,440.0,558.79,926.78,Social Media,Instagram
2024-05-30,Summer Sale 2024 - Search,43668,392.0,78.4,207.51,75.44,Search,Bing Ads
2024-06-07,Summer Sale 2024 - Search,14673,1467.3000000000002,293.46000000000004,301.01,2254.78,Search,Bing Ads
2024-02-11,New Product Launch - Search,77666,2429.0,114.0,244.71,467.06,Search,Bing Ads
2024-04-08,New Product Launch - Search,89204,3709.0,272.0,949.02,3429.13,Search,Bing Ads
2024-01-07,Brand Awareness - Social,81758,576.0,83.0,945.22,1216.33,Social Media,Instagram
2024-05-23,Retargeting - Display,66429,1946.0,179.0,613.84,4720.69,Display,Programmatic Display
2024-03-30,Summer Sale 2024 - Search,24669,2466.9,210.0,925.28,4362.7,Search,Google Ads
2024-04-21,Brand Awareness - Social,35068,2123.0,424.6,787.95,1482.73,Social Media,TikTok
2024-02-29,New Product Launch - Search,89789,4965.0,328.0,594.05,3926.92,Search,Bing Ads
2024-04-22,New Product Launch - Search,10435,455.0,91.0,16.37,4026.06,Search,Google Ads
2024-01-02,Summer Sale 2024 - Search,95088,1623.0,324.6,774.79,4933.49,Search,Google Ads
2024-05-08,New Product Launch - Display,53249,4650.0,113.0,705.46,3009.31,Display,Programmatic Display
2024-02-17,Summer Sale 2024 - Social,38384,3790.0,12.0,619.1,455.73,Social Media,Facebook
2024-05-19,New Product Launch - Search,82929,4324.0,126.0,762.82,3251.84,Search,Google Ads
2024-02-06,Retargeting - Display,77153,4277.0,53.0,517.79,3143.65,Display,Programmatic Display
2024-06-08,Retargeting - Display,76388,1896.0,331.0,707.04,3209.84,Display,Google Display Network
2024-01-09,New Product Launch - Search,32401,1528.0,305.6,935.82,1570.37,Search,Bing Ads
2024-04-08,New Product Launch - Display,72831,2445.0,283.0,382.05,4305.41,Display,Programmatic Display
2024-05-26,New Product Launch - Display,35084,821.0,140.0,711.04,4799.39,Display,Google Display Network
2024-02-17,Brand Awareness - Social,56826,628.0,125.60000000000001,480.93,1127.68,Social Media,Facebook
2024-05-10,Retargeting - Display,37451,2951.0,390.0,677.66,486.35,Display,Google Display Network
2024-05-27,Brand Awareness - Social,8227,243.0,48.6,765.26,1012.95,Social Media,Instagram
2024-05-31,Retargeting - Display,32910,2057.0,5.0,55.0,4111.73,Display,Programmatic Display
2024-02-23,Summer Sale 2024 - Social,37041,1235.0,57.0,650.13,3399.39,Social Media,Instagram
2024-04-29,Summer Sale 2024 - Social,89920,2444.0,412.0,234.47,3198.43,Social Media,Facebook
2024-06-09,Summer Sale 2024 - Search,66681,3048.0,334.0,673.33,2038.88,Search,Google Ads
2024-05-31,Brand Awareness - Social,82571,1842.0,69.0,473.65,2910.25,Social Media,Instagram
2024-04-25,New Product Launch - Search,66481,1160.0,118.0,775.82,1573.98,Search,Google Ads
2024-03-15,Brand Awareness - Social,69576,4055.0,376.0,132.17,2412.14,Social Media,TikTok
2024-04-22,New Product Launch - Search,65174,2311.0,59.0,630.06,3975.66,Search,Bing Ads
2024-06-12,New Product Launch - Display,27160,2716.0,33.0,285.69,4907.15,Display,Programmatic Display
2024-06-14,Brand Awareness - Social,18633,1863.3000000000002,318.0,854.45,4665.82,Social Media,TikTok
2024-04-13,New Product Launch - Display,95880,1986.0,50.0,929.1,4672.64,Display,Programmatic Display
2024-03-24,Summer Sale 2024 - Social,18014,1801.4,360.28000000000003,996.43,2041.01,Social Media,TikTok
2024-04-21,Summer Sale 2024 - Social,81532,4407.0,489.0,798.05,2370.51,Social Media,LinkedIn
2024-04-08,Summer Sale 2024 - Search,50104,779.0,19.0,756.2,3542.9,Search,Bing Ads
2024-06-01,Brand Awareness - Social,42621,4262.1,214.0,223.35,4614.85,Social Media,Instagram
2024-04-02,New Product Launch - Display,78231,3501.0,197.0,342.65,752.87,Display,Google Display Network
2024-05-25,New Product Launch - Search,69388,4507.0,379.0,471.03,1556.0,Search,Google Ads
2024-05-07,Summer Sale 2024 - Social,17014,1701.4,340.28000000000003,775.65,739.27,Social Media,LinkedIn
2024-04-19,Summer Sale 2024 - Social,93578,2190.0,438.0,915.82,3079.44,Social Media,Instagram
2024-03-22,New Product Launch - Search,34755,1694.0,47.0,197.25,1566.19,Search,Bing Ads
2024-02-23,New Product Launch - Display,41390,2850.0,167.0,923.14,1664.23,Display,Google Display Network
2024-06-11,New Product Launch - Display,24711,191.0,38.2,698.67,401.03,Display,Programmatic Display
2024-06-17,Brand Awareness - Social,92658,1505.0,289.0,614.66,1781.49,Social Media,LinkedIn
2024-06-09,Brand Awareness - Social,58993,4846.0,141.0,207.84,4319.36,Social Media,Instagram
2024-03-08,Retargeting - Display,75696,2146.0,84.0,64.97,1203.71,Display,Programmatic Display
2024-02-02,Retargeting - Display,28213,1375.0,182.0,572.78,3491.18,Display,Google Display Network
2024-05-21,Summer Sale 2024 - Search,58784,1263.0,252.60000000000002,655.0,3166.66,Search,Google Ads
2024-01-21,Summer Sale 2024 - Social,8421,842.1,79.0,218.67,4324.25,Social Media,LinkedIn
2024-02-17,Brand Awareness - Social,87936,4700.0,215.0,560.89,704.83,Social Media,TikTok
2024-05-27,New Product Launch - Display,18727,1872.7,14.0,857.93,4889.07,Display,Google Display Network
2024-05-07,New Product Launch - Search,5358,535.8000000000001,107.16000000000003,836.72,2934.01,Search,Google Ads
2024-05-15,New Product Launch - Display,66108,390.0,78.0,928.08,4977.6,Display,Programmatic Display
2024-05-14,Summer Sale 2024 - Social,95018,3878.0,128.0,372.23,4562.0,Social Media,Facebook
2024-05-24,Retargeting - Display,33117,2018.0,310.0,324.87,1146.51,Display,Google Display Network
2024-05-07,New Product Launch - Display,89700,753.0,150.6,751.93,328.0,Display,Google Display Network
2024-02-02,Summer Sale 2024 - Search,32910,3291.0,248.0,436.8,1315.41,Search,Bing Ads
2024-06-24,Summer Sale 2024 - Social,99032,2479.0,404.0,96.67,2661.44,Social Media,LinkedIn
2024-04-24,Retargeting - Display,56754,1850.0,29.0,289.97,899.4,Display,Google Display Network
2024-04-28,New Product Launch - Search,63438,4962.0,280.0,424.4,878.93,Search,Google Ads
2024-01-22,Retargeting - Display,30371,3037.1000000000004,338.0,299.59,2339.84,Display,Programmatic Display
2024-06-06,Summer Sale 2024 - Search,52501,905.0,181.0,338.88,214.68,Search,Bing Ads
2024-02-07,Summer Sale 2024 - Social,61946,1862.0,202.0,300.84,653.35,Social Media,Facebook
2024-04-18,New Product Launch - Search,39467,2916.0,361.0,51.08,2108.51,Search,Google Ads
2024-02-20,Summer Sale 2024 - Search,18625,1862.5,57.0,640.72,362.49,Search,Bing Ads
2024-01-08,Retargeting - Display,34893,232.0,46.400000000000006,601.32,2013.94,Display,Programmatic Display
2024-01-27,Summer Sale 2024 - Search,77329,3162.0,218.0,656.85,2396.33,Search,Google Ads
2024-01-27,Summer Sale 2024 - Social,32007,3200.7000000000003,62.0,200.39,2283.77,Social Media,Instagram
2024-01-21,Brand Awareness - Social,92302,1567.0,157.0,302.7,4352.42,Social Media,TikTok
2024-01-30,Summer Sale 2024 - Search,40532,1406.0,202.0,623.42,2673.81,Search,Google Ads
2024-04-06,Summer Sale 2024 - Search,55253,2224.0,17.0,603.63,2366.5,Search,Google Ads
2024-01-28,Retargeting - Display,13323,1332.3000000000002,266.46000000000004,511.27,2083.01,Display,Programmatic Display
2024-04-20,Retargeting - Display,74379,3678.0,6.0,356.91,4097.24,Display,Google Display Network
2024-03-01,New Product Launch - Search,15210,1521.0,58.0,913.8,4480.53,Search,Google Ads
2024-02-17,Retargeting - Display,17456,1745.6000000000001,325.0,346.37,4273.55,Display,Programmatic Display
2024-05-26,New Product Launch - Display,32367,3236.7000000000003,412.0,461.06,3384.06,Display,Programmatic Display
2024-01-04,Summer Sale 2024 - Social,55624,68.0,13.600000000000001,681.33,729.94,Social Media,Facebook
2024-02-04,Summer Sale 2024 - Social,11106,1110.6000000000001,169.0,547.59,1420.51,Social Media,TikTok
2024-02-18,Brand Awareness - Social,69008,4729.0,453.0,353.42,278.01,Social Media,LinkedIn
2024-01-17,Brand Awareness - Social,73240,4601.0,82.0,441.29,4657.58,Social Media,Instagram
2024-06-20,Summer Sale 2024 - Social,65315,3054.0,474.0,796.54,3320.95,Social Media,LinkedIn
2024-06-06,Brand Awareness - Social,70249,1182.0,236.4,285.35,3744.5,Social Media,TikTok
2024-02-15,New Product Launch - Search,71587,3389.0,425.0,150.83,1592.28,Search,Google Ads
2024-04-26,Retargeting - Display,11756,1175.6000000000001,235.12000000000003,320.03,4235.98,Display,Google Display Network
2024-01-06,Summer Sale 2024 - Social,69011,3422.0,219.0,851.04,1335.04,Social Media,LinkedIn
2024-04-08,Brand Awareness - Social,37378,1037.0,177.0,98.1,58.14,Social Media,Facebook
2024-05-03,Summer Sale 2024 - Social,5255,525.5,105.10000000000001,991.78,1913.25,Social Media,Instagram
2024-02-06,New Product Launch - Display,15484,1548.4,71.0,545.59,2875.27,Display,Google Display Network
2024-01-24,Summer Sale 2024 - Search,57549,223.0,44.6,985.0,2419.59,Search,Bing Ads
2024-04-02,Retargeting - Display,35503,3550.3,266.0,939.61,4317.28,Display,Google Display Network
2024-02-15,Summer Sale 2024 - Social,74794,3102.0,98.0,458.29,571.76,Social Media,TikTok
2024-06-29,Summer Sale 2024 - Search,46113,776.0,155.20000000000002,206.51,2791.43,Search,Bing Ads
2024-04-04,Brand Awareness - Social,75069,3810.0,291.0,173.24,2589.25,Social Media,Instagram
2024-04-08,Summer Sale 2024 - Search,99117,1925.0,208.0,247.59,1442.9,Search,Google Ads
2024-04-25,Retargeting - Display,6249,624.9000000000001,2.0,713.03,4120.03,Display,Programmatic Display
2024-06-08,Summer Sale 2024 - Social,20201,1039.0,124.0,280.22,3776.6,Social Media,LinkedIn
2024-06-09,New Product Launch - Display,59576,3794.0,280.0,348.01,3677.65,Display,Google Display Network
2024-03-07,Brand Awareness - Social,10686,1068.6000000000001,74.0,454.29,4387.15,Social Media,LinkedIn
2024-05-07,Summer Sale 2024 - Social,54363,469.0,93.80000000000001,914.1,3627.78,Social Media,TikTok
2024-01-18,Retargeting - Display,98543,643.0,22.0,197.5,1197.61,Display,Google Display Network
2024-01-25,Brand Awareness - Social,1661,166.10000000000002,33.220000000000006,14.98,3542.54,Social Media,Instagram
2024-02-23,New Product Launch - Search,45843,2509.0,427.0,69.5,1573.13,Search,Bing Ads
2024-02-27,Summer Sale 2024 - Search,96673,985.0,197.0,905.72,1248.76,Search,Google Ads
2024-03-07,Retargeting - Display,61963,3858.0,295.0,651.04,411.37,Display,Google Display Network
2024-04-13,New Product Launch - Search,43828,381.0,76.2,280.31,3732.94,Search,Google Ads
2024-06-22,Summer Sale 2024 - Social,49604,3499.0,157.0,185.42,3569.45,Social Media,Facebook
2024-01-24,New Product Launch - Display,11526,1152.6000000000001,230.52000000000004,301.32,1210.77,Display,Google Display Network
2024-04-23,Brand Awareness - Social,69910,4056.0,230.0,123.65,3759.43,Social Media,TikTok
2024-02-01,Summer Sale 2024 - Search,26592,2659.2000000000003,20.0,942.12,4593.31,Search,Bing Ads
2024-06-23,Brand Awareness - Social,29982,2998.2000000000003,475.0,786.36,584.74,Social Media,Instagram
2024-03-26,Summer Sale 2024 - Social,1207,120.7,24.14,467.77,1201.55,Social Media,Instagram
2024-05-30,Brand Awareness - Social,89733,2547.0,438.0,866.31,3763.79,Social Media,TikTok
2024-05-06,Summer Sale 2024 - Search,99936,1892.0,148.0,256.96,1408.81,Search,Bing Ads
2024-06-03,Summer Sale 2024 - Social,69619,1916.0,108.0,719.95,3142.09,Social Media,TikTok
2024-05-09,Brand Awareness - Social,30328,2046.0,403.0,857.57,451.76,Social Media,TikTok
2024-01-17,New Product Launch - Display,47479,959.0,84.0,363.2,2288.4,Display,Programmatic Display
2024-04-13,Retargeting - Display,21103,2110.3,422.06000000000006,759.89,3708.5,Display,Google Display Network
2024-06-09,Summer Sale 2024 - Social,40891,4089.1000000000004,367.0,302.12,3448.24,Social Media,Facebook
2024-05-16,Retargeting - Display,11754,1175.4,235.08000000000004,305.87,4084.61,Display,Google Display Network
2024-02-12,Summer Sale 2024 - Social,82437,820.0,164.0,115.99,4393.39,Social Media,TikTok
2024-06-24,New Product Launch - Display,99540,3205.0,309.0,445.66,3877.26,Display,Google Display Network
2024-02-08,Retargeting - Display,73982,2551.0,290.0,732.41,3374.36,Display,Google Display Network
2024-06-18,New Product Launch - Search,56922,2764.0,406.0,940.82,207.03,Search,Bing Ads
2024-01-26,Summer Sale 2024 - Search,49231,4774.0,323.0,607.76,2698.09,Search,Google Ads
2024-04-08,New Product Launch - Search,30301,3030.1000000000004,134.0,864.5,236.6,Search,Google Ads
2024-02-19,Brand Awareness - Social,92652,1678.0,207.0,824.27,4049.94,Social Media,Facebook
2024-06-01,New Product Launch - Display,63711,436.0,87.2,181.61,1637.59,Display,Google Display Network
2024-05-31,New Product Launch - Search,42323,3471.0,266.0,490.96,2834.03,Search,Bing Ads
2024-01-13,Summer Sale 2024 - Social,19752,1975.2,73.0,125.75,1433.25,Social Media,LinkedIn
2024-02-29,Brand Awareness - Social,98912,4143.0,481.0,685.33,3923.38,Social Media,TikTok
2024-05-14,Brand Awareness - Social,83205,4413.0,352.0,950.4,4438.19,Social Media,TikTok
2024-02-26,New Product Launch - Search,99452,2516.0,48.0,145.72,2023.28,Search,Google Ads
2024-02-05,New Product Launch - Search,14395,1439.5,287.90000000000003,736.54,4321.47,Search,Bing Ads
2024-06-21,New Product Launch - Display,86957,1906.0,233.0,635.92,1372.02,Display,Programmatic Display
2024-01-20,Summer Sale 2024 - Search,57273,2048.0,409.6,587.77,2696.57,Search,Bing Ads
2024-03-05,New Product Launch - Search,92878,1286.0,100.0,396.22,4300.87,Search,Bing Ads
2024-01-08,New Product Launch - Search,5895,589.5,59.0,361.58,1663.11,Search,Google Ads
2024-05-23,Retargeting - Display,77559,4194.0,258.0,54.8,4772.51,Display,Programmatic Display
2024-05-21,Summer Sale 2024 - Social,11699,1169.9,233.98000000000002,225.73,653.3,Social Media,Instagram
2024-04-24,Retargeting - Display,66061,4368.0,452.0,25.03,140.46,Display,Google Display Network
2024-05-22,Retargeting - Display,10715,1071.5,65.0,585.6,4525.47,Display,Google Display Network
2024-04-01,Brand Awareness - Social,20169,1869.0,83.0,114.79,389.81,Social Media,Instagram
2024-04-07,Summer Sale 2024 - Search,17163,1716.3000000000002,154.0,874.29,4959.85,Search,Bing Ads
2024-03-06,Summer Sale 2024 - Social,6782,678.2,135.64000000000001,527.91,4759.41,Social Media,LinkedIn
2024-02-01,New Product Launch - Display,89177,2708.0,266.0,702.69,728.25,Display,Programmatic Display
2024-03-26,New Product Launch - Display,85328,3550.0,309.0,416.75,2711.04,Display,Google Display Network
2024-02-20,New Product Launch - Search,36585,424.0,79.0,564.97,965.36,Search,Google Ads
2024-06-01,New Product Launch - Search,31682,2170.0,315.0,943.23,2169.37,Search,Bing Ads
2024-03-03,New Product Launch - Display,48864,4070.0,150.0,91.91,354.05,Display,Programmatic Display
2024-05-04,New Product Launch - Search,85416,2071.0,414.20000000000005,261.4,1158.43,Search,Bing Ads
2024-05-29,Summer Sale 2024 - Search,56114,3755.0,48.0,782.19,1848.2,Search,Bing Ads
2024-02-27,Retargeting - Display,39067,3309.0,405.0,107.75,2221.31,Display,Programmatic Display
2024-02-27,New Product Launch - Search,43685,3485.0,379.0,84.9,4888.61,Search,Google Ads
2024-03-26,Brand Awareness - Social,19073,1907.3000000000002,248.0,367.93,4048.93,Social Media,Facebook
2024-02-18,New Product Launch - Search,37035,1873.0,278.0,101.25,3700.18,Search,Google Ads
2024-06-28,Summer Sale 2024 - Social,65977,1524.0,304.8,589.23,2708.35,Social Media,Instagram
2024-06-18,Summer Sale 2024 - Search,91373,2292.0,98.0,234.01,4207.99,Search,Bing Ads
2024-03-10,Summer Sale 2024 - Social,84362,3293.0,414.0,896.74,1729.65,Social Media,Facebook
2024-01-15,Summer Sale 2024 - Social,91517,3184.0,25.0,785.67,3559.05,Social Media,TikTok
2024-02-23,Brand Awareness - Social,66450,2120.0,424.0,702.71,4969.23,Social Media,Instagram
2024-04-10,Summer Sale 2024 - Search,11382,409.0,81.80000000000001,620.77,1607.41,Search,Google Ads
2024-01-08,Summer Sale 2024 - Search,5437,543.7,108.74000000000001,864.83,3386.39,Search,Bing Ads
2024-02-22,Summer Sale 2024 - Search,71971,1191.0,238.20000000000002,230.83,4229.36,Search,Bing Ads
2024-02-29,Summer Sale 2024 - Search,65612,1685.0,301.0,874.38,4583.25,Search,Google Ads
2024-04-17,Summer Sale 2024 - Search,91355,4050.0,68.0,791.6,3603.77,Search,Google Ads
2024-01-05,Brand Awareness - Social,62929,1993.0,7.0,750.68,1453.86,Social Media,Facebook
2024-04-12,New Product Launch - Search,98518,4824.0,305.0,565.64,1665.1,Search,Bing Ads
2024-01-06,Summer Sale 2024 - Social,99864,3411.0,137.0,253.78,152.75,Social Media,Instagram
2024-04-18,Summer Sale 2024 - Search,13329,1332.9,164.0,429.31,3816.39,Search,Google Ads
2024-04-25,New Product Launch - Search,26169,56.0,11.200000000000001,795.63,261.56,Search,Bing Ads
2024-04-03,New Product Launch - Search,88468,3317.0,385.0,41.46,4330.03,Search,Bing Ads
2024-02-16,Summer Sale 2024 - Social,35594,1641.0,138.0,784.23,637.37,Social Media,LinkedIn
2024-04-08,Brand Awareness - Social,77957,4978.0,420.0,247.67,900.79,Social Media,Facebook
2024-02-24,New Product Launch - Display,61631,3314.0,73.0,152.87,2408.81,Display,Programmatic Display
2024-06-16,New Product Launch - Display,46033,2656.0,237.0,124.54,3702.51,Display,Google Display Network
2024-02-21,New Product Launch - Search,64133,3269.0,46.0,36.98,738.06,Search,Google Ads
2024-05-23,Retargeting - Display,74165,3323.0,106.0,528.35,2228.35,Display,Programmatic Display
2024-01-13,Retargeting - Display,74861,963.0,192.60000000000002,226.08,2440.11,Display,Google Display Network
2024-04-23,Summer Sale 2024 - Social,53290,2061.0,288.0,989.54,1100.81,Social Media,LinkedIn
2024-05-03,New Product Launch - Display,95031,1492.0,262.0,578.69,622.01,Display,Google Display Network
2024-04-15,New Product Launch - Search,32750,3104.0,176.0,146.51,4190.28,Search,Google Ads
2024-06-06,Brand Awareness - Social,96155,3596.0,166.0,691.87,2537.2,Social Media,LinkedIn
2024-05-26,New Product Launch - Display,41461,4146.1,145.0,898.77,121.19,Display,Google Display Network
2024-05-24,New Product Launch - Search,74800,4962.0,330.0,747.73,4024.76,Search,Google Ads
2024-04-29,New Product Launch - Search,79222,2978.0,370.0,85.68,4904.93,Search,Google Ads
2024-03-03,Summer Sale 2024 - Search,25226,1879.0,283.0,896.93,3049.33,Search,Bing Ads
2024-01-19,Brand Awareness - Social,7721,625.0,54.0,795.99,2543.36,Social Media,LinkedIn
2024-04-01,Summer Sale 2024 - Search,57154,979.0,178.0,166.72,4398.16,Search,Google Ads
2024-02-27,Summer Sale 2024 - Social,21609,2160.9,419.0,61.27,4764.96,Social Media,TikTok
2024-03-30,Summer Sale 2024 - Search,53130,3749.0,244.0,561.74,3784.96,Search,Google Ads
2024-04-26,Summer Sale 2024 - Search,73909,1513.0,302.6,164.48,2254.99,Search,Bing Ads
2024-03-02,New Product Launch - Display,56249,3325.0,127.0,836.25,2981.5,Display,Programmatic Display
2024-01-23,Retargeting - Display,49895,4978.0,409.0,364.75,3519.63,Display,Google Display Network
2024-05-06,New Product Launch - Search,95473,1104.0,220.8,913.76,1011.65,Search,Bing Ads
2024-05-16,Brand Awareness - Social,6656,665.6,133.12,570.03,2263.65,Social Media,Instagram
2024-05-19,Summer Sale 2024 - Search,75520,1507.0,271.0,190.85,4157.62,Search,Bing Ads
2024-05-08,Brand Awareness - Social,64740,1449.0,132.0,148.2,3290.89,Social Media,Instagram
2024-02-27,Retargeting - Display,65309,3465.0,93.0,580.71,2085.46,Display,Google Display Network
2024-05-01,Retargeting - Display,30984,492.0,98.4,764.26,3333.64,Display,Programmatic Display
2024-01-01,Summer Sale 2024 - Search,74822,3700.0,73.0,783.69,635.2,Search,Bing Ads
2024-02-03,Summer Sale 2024 - Social,6901,690.1,138.02,283.0,2037.41,Social Media,Facebook
2024-04-05,Summer Sale 2024 - Search,32552,1228.0,245.60000000000002,212.2,3975.99,Search,Google Ads
2024-05-05,New Product Launch - Display,92245,4508.0,403.0,26.59,1141.52,Display,Programmatic Display
2024-04-27,New Product Launch - Search,32055,1307.0,248.0,682.41,970.51,Search,Bing Ads
2024-02-17,Summer Sale 2024 - Social,38685,3684.0,348.0,85.8,4756.55,Social Media,Facebook
2024-03-29,Summer Sale 2024 - Search,74965,1891.0,273.0,426.55,1088.99,Search,Google Ads
2024-04-26,Brand Awareness - Social,15716,1571.6000000000001,43.0,605.67,1341.55,Social Media,TikTok
2024-05-08,Summer Sale 2024 - Social,12138,960.0,192.0,937.74,4849.6,Social Media,LinkedIn
2024-01-16,Summer Sale 2024 - Social,36298,3629.8,41.0,318.68,3686.81,Social Media,Instagram
2024-03-09,Summer Sale 2024 - Search,52112,4687.0,170.0,257.27,3513.0,Search,Google Ads
2024-01-22,Summer Sale 2024 - Social,24429,2442.9,434.0,657.62,4271.99,Social Media,LinkedIn
2024-04-02,Brand Awareness - Social,51200,2219.0,212.0,623.05,623.32,Social Media,TikTok
2024-03-16,Retargeting - Display,72308,2222.0,444.40000000000003,338.79,3544.48,Display,Programmatic Display
2024-06-02,Summer Sale 2024 - Social,49244,173.0,34.6,928.82,2543.26,Social Media,TikTok
2024-05-23,Retargeting - Display,18347,1834.7,39.0,846.41,4154.3,Display,Google Display Network
2024-06-27,Brand Awareness - Social,17920,835.0,167.0,231.74,2565.3,Social Media,LinkedIn
2024-03-26,Summer Sale 2024 - Search,32822,2466.0,245.0,246.75,3120.19,Search,Bing Ads
2024-01-29,New Product Launch - Search,47659,846.0,151.0,517.18,2414.82,Search,Bing Ads
2024-03-09,Summer Sale 2024 - Social,41108,4110.8,111.0,775.84,2416.89,Social Media,LinkedIn
2024-02-16,New Product Launch - Search,90099,4204.0,480.0,53.6,3851.45,Search,Bing Ads
2024-04-03,Brand Awareness - Social,8967,896.7,179.34000000000003,696.4,3161.4,Social Media,Instagram
2024-05-23,Summer Sale 2024 - Social,12871,1287.1000000000001,47.0,651.75,3184.65,Social Media,TikTok
2024-06-24,Retargeting - Display,95299,3857.0,63.0,239.17,2278.9,Display,Programmatic Display
2024-03-25,New Product Launch - Display,78452,1351.0,225.0,684.54,2678.99,Display,Google Display Network
2024-02-08,New Product Launch - Search,75270,4213.0,366.0,940.78,3741.3,Search,Google Ads
2024-04-09,Summer Sale 2024 - Social,34613,3190.0,69.0,56.32,4138.41,Social Media,LinkedIn
2024-02-02,New Product Launch - Search,29179,2917.9,299.0,326.46,3497.98,Search,Google Ads
2024-04-10,Summer Sale 2024 - Social,53188,2402.0,432.0,443.79,4624.16,Social Media,TikTok
2024-01-23,Summer Sale 2024 - Search,56099,1982.0,290.0,900.27,4110.6,Search,Bing Ads
2024-01-10,Retargeting - Display,36262,2771.0,296.0,962.64,2831.23,Display,Programmatic Display
2024-03-09,New Product Launch - Search,79213,414.0,82.80000000000001,449.67,3373.46,Search,Bing Ads
2024-04-09,New Product Launch - Display,19268,1926.8000000000002,61.0,752.53,4635.23,Display,Google Display Network
2024-02-03,New Product Launch - Display,78866,2440.0,434.0,536.34,3114.88,Display,Programmatic Display
2024-06-28,Brand Awareness - Social,87269,996.0,199.20000000000002,542.41,4132.79,Social Media,LinkedIn
2024-05-17,Summer Sale 2024 - Social,61545,1427.0,285.40000000000003,285.32,3459.61,Social Media,LinkedIn
2024-05-26,New Product Launch - Search,93822,1489.0,297.8,224.79,2782.08,Search,Bing Ads
2024-04-05,Brand Awareness - Social,73146,3230.0,161.0,295.13,1247.1,Social Media,Facebook
2024-01-01,New Product Launch - Search,72966,4907.0,331.0,560.76,2158.69,Search,Bing Ads
2024-03-09,Summer Sale 2024 - Social,40922,390.0,16.0,38.86,4840.33,Social Media,Facebook
2024-01-04,New Product Launch - Display,80364,3039.0,338.0,908.18,3305.94,Display,Programmatic Display
2024-01-16,Summer Sale 2024 - Search,43913,432.0,86.4,164.72,2843.76,Search,Google Ads
2024-01-24,New Product Launch - Display,98033,1606.0,304.0,227.89,4668.14,Display,Google Display Network
2024-03-20,Brand Awareness - Social,56677,349.0,69.8,523.09,2953.23,Social Media,Facebook
2024-01-02,Retargeting - Display,50841,188.0,37.6,713.01,2654.11,Display,Programmatic Display
2024-05-07,Summer Sale 2024 - Search,47332,408.0,38.0,104.77,3808.59,Search,Google Ads
2024-06-08,Brand Awareness - Social,93062,4981.0,127.0,324.52,3577.69,Social Media,LinkedIn
2024-03-24,Summer Sale 2024 - Social,96694,1572.0,275.0,968.99,1006.14,Social Media,Instagram
2024-05-31,Summer Sale 2024 - Search,26032,2603.2000000000003,164.0,269.72,2382.98,Search,Bing Ads
2024-05-19,Brand Awareness - Social,38846,1677.0,335.40000000000003,319.92,2388.95,Social Media,LinkedIn
2024-06-26,Summer Sale 2024 - Social,60474,1353.0,270.6,838.13,1922.21,Social Media,Instagram
2024-06-11,New Product Launch - Display,45936,1184.0,77.0,59.71,2610.6,Display,Google Display Network
2024-05-03,Retargeting - Display,30794,2236.0,174.0,469.97,2094.88,Display,Programmatic Display
2024-02-02,Summer Sale 2024 - Social,62588,3220.0,387.0,385.82,1036.76,Social Media,Facebook
2024-06-09,New Product Launch - Search,71984,3885.0,458.0,323.42,2091.21,Search,Google Ads
2024-06-27,Summer Sale 2024 - Social,51331,2201.0,358.0,292.84,407.77,Social Media,Facebook
2024-06-19,Summer Sale 2024 - Social,95397,1287.0,257.40000000000003,100.46,2900.14,Social Media,Facebook
2024-04-10,Retargeting - Display,29141,2914.1000000000004,376.0,321.68,4275.59,Display,Google Display Network
2024-01-12,New Product Launch - Search,10074,1007.4000000000001,91.0,52.62,3640.17,Search,Google Ads
2024-03-07,Brand Awareness - Social,7406,740.6,148.12,783.15,1833.95,Social Media,TikTok
2024-03-05,Brand Awareness - Social,98359,1048.0,209.60000000000002,404.25,481.0,Social Media,LinkedIn
2024-06-09,Summer Sale 2024 - Social,24291,2429.1,179.0,449.46,1050.64,Social Media,Facebook
2024-06-16,New Product Launch - Search,42568,1357.0,271.40000000000003,894.66,2750.18,Search,Bing Ads
2024-03-14,New Product Launch - Search,98539,706.0,141.20000000000002,661.47,1074.93,Search,Google Ads
2024-02-12,Retargeting - Display,47851,2710.0,209.0,17.98,2742.67,Display,Google Display Network
2024-02-13,New Product Launch - Display,55823,2261.0,73.0,943.74,1196.42,Display,Google Display Network
2024-01-29,Brand Awareness - Social,24312,1959.0,390.0,244.77,4252.17,Social Media,TikTok
2024-05-20,Retargeting - Display,44108,3780.0,107.0,116.54,2016.49,Display,Programmatic Display
2024-01-12,Summer Sale 2024 - Search,67918,2096.0,345.0,770.45,1265.48,Search,Bing Ads
2024-04-04,Brand Awareness - Social,35171,3212.0,295.0,505.47,4071.01,Social Media,LinkedIn
2024-02-15,Retargeting - Display,42779,1190.0,238.0,439.43,1747.05,Display,Google Display Network
2024-05-09,Brand Awareness - Social,69828,316.0,63.2,257.01,601.86,Social Media,Facebook
2024-02-04,New Product Launch - Display,99723,1895.0,284.0,552.0,2873.53,Display,Google Display Network
2024-03-21,Summer Sale 2024 - Search,13411,1341.1000000000001,268.22,281.64,2928.74,Search,Bing Ads
2024-03-30,New Product Launch - Display,58009,3680.0,182.0,902.57,3587.74,Display,Google Display Network
2024-01-08,Summer Sale 2024 - Search,16422,1642.2,37.0,223.05,1239.09,Search,Bing Ads
2024-04-02,Summer Sale 2024 - Social,43468,2343.0,137.0,885.51,2246.67,Social Media,LinkedIn
2024-06-02,Retargeting - Display,33371,3337.1000000000004,338.0,563.81,1447.72,Display,Google Display Network
2024-03-30,Summer Sale 2024 - Search,58022,3879.0,56.0,830.2,450.72,Search,Google Ads
2024-06-10,New Product Launch - Display,72229,1560.0,187.0,715.72,4389.24,Display,Programmatic Display
2024-04-24,Brand Awareness - Social,52196,525.0,105.0,699.73,3657.91,Social Media,Instagram
2024-04-14,Summer Sale 2024 - Search,81354,1026.0,205.20000000000002,331.1,1542.24,Search,Bing Ads
2024-05-14,Retargeting - Display,97774,1257.0,251.4,241.56,3016.9,Display,Google Display Network
2024-02-27,Summer Sale 2024 - Search,97410,2010.0,58.0,218.78,1046.26,Search,Google Ads
2024-04-23,New Product Launch - Search,27715,607.0,121.4,858.62,4456.67,Search,Google Ads
2024-03-15,Brand Awareness - Social,28605,932.0,123.0,822.22,618.79,Social Media,TikTok
2024-06-05,Retargeting - Display,32174,2244.0,188.0,446.17,68.99,Display,Google Display Network
2024-04-29,Retargeting - Display,10956,1095.6000000000001,219.12000000000003,141.08,2534.94,Display,Google Display Network
2024-06-12,Summer Sale 2024 - Social,77373,2717.0,168.0,388.43,2936.48,Social Media,Instagram
2024-01-21,New Product Launch - Display,70252,4727.0,420.0,623.15,2915.88,Display,Programmatic Display
2024-06-12,Summer Sale 2024 - Social,62949,4840.0,114.0,459.86,319.83,Social Media,LinkedIn
2024-05-17,Retargeting - Display,63646,1660.0,252.0,782.39,1604.52,Display,Google Display Network
2024-04-10,Brand Awareness - Social,71017,3538.0,107.0,997.65,2521.03,Social Media,Instagram
2024-05-31,Summer Sale 2024 - Search,64037,2504.0,37.0,199.22,1122.07,Search,Google Ads
2024-06-25,Summer Sale 2024 - Search,90818,4544.0,335.0,465.05,4369.5,Search,Google Ads
2024-04-08,Brand Awareness - Social,7548,754.8000000000001,92.0,436.67,481.19,Social Media,Instagram
2024-02-05,Retargeting - Display,74294,4860.0,18.0,311.45,2462.55,Display,Google Display Network
2024-04-05,Summer Sale 2024 - Search,24177,2417.7000000000003,354.0,206.11,3472.51,Search,Bing Ads
2024-05-31,Summer Sale 2024 - Search,25022,2502.2000000000003,63.0,75.04,1345.67,Search,Bing Ads
2024-05-30,Summer Sale 2024 - Search,6542,654.2,130.84,888.25,3139.99,Search,Google Ads
2024-02-06,New Product Launch - Display,92012,3586.0,139.0,425.65,4155.46,Display,Programmatic Display
2024-01-12,New Product Launch - Display,97320,3852.0,186.0,501.93,992.17,Display,Programmatic Display
2024-04-22,New Product Launch - Search,61428,4227.0,185.0,917.77,4590.24,Search,Bing Ads
2024-01-13,Summer Sale 2024 - Social,23740,2374.0,205.0,778.53,2790.11,Social Media,Instagram
2024-01-23,Brand Awareness - Social,60353,2020.0,260.0,139.2,1531.2,Social Media,TikTok
2024-04-08,Brand Awareness - Social,91353,3872.0,214.0,569.77,2182.75,Social Media,Instagram
2024-04-14,Brand Awareness - Social,57532,2869.0,256.0,447.83,1595.35,Social Media,LinkedIn
2024-01-30,New Product Launch - Search,17052,952.0,135.0,799.24,3639.3,Search,Bing Ads
2024-01-17,New Product Launch - Display,48076,414.0,61.0,726.99,3991.69,Display,Google Display Network
2024-04-22,Retargeting - Display,54420,4308.0,363.0,693.5,4173.04,Display,Programmatic Display
2024-03-02,Retargeting - Display,1671,167.10000000000002,33.42000000000001,347.14,4929.55,Display,Google Display Network
2024-03-24,New Product Launch - Search,1163,116.30000000000001,23.260000000000005,806.91,3966.86,Search,Bing Ads
2024-04-21,Retargeting - Display,42424,1913.0,324.0,61.87,3026.85,Display,Programmatic Display
2024-03-26,Brand Awareness - Social,54744,165.0,33.0,168.03,1729.14,Social Media,LinkedIn
2024-05-20,Summer Sale 2024 - Social,71331,2434.0,207.0,342.27,2745.75,Social Media,Facebook
2024-01-19,Summer Sale 2024 - Search,11634,1163.4,129.0,86.04,253.29,Search,Google Ads
2024-06-25,New Product Launch - Display,5798,579.8000000000001,115.96000000000002,242.64,3736.88,Display,Google Display Network
2024-04-09,New Product Launch - Display,23420,2342.0,3.0,831.85,2257.48,Display,Google Display Network
2024-05-19,New Product Launch - Search,30300,992.0,198.4,948.77,149.11,Search,Google Ads
2024-05-26,New Product Launch - Display,90881,1774.0,354.8,311.56,359.41,Display,Google Display Network
2024-03-16,Brand Awareness - Social,11749,1174.9,234.98000000000002,271.87,1967.96,Social Media,LinkedIn
2024-01-09,Retargeting - Display,26121,2612.1000000000004,121.0,287.09,2937.94,Display,Google Display Network
2024-01-28,Brand Awareness - Social,38487,1187.0,237.4,284.94,2347.81,Social Media,Instagram
2024-05-07,New Product Launch - Search,94947,2577.0,102.0,45.57,3115.06,Search,Google Ads
2024-02-21,Brand Awareness - Social,34361,3436.1000000000004,38.0,927.65,2427.46,Social Media,TikTok
2024-03-23,Retargeting - Display,22223,2222.3,341.0,221.56,3325.43,Display,Google Display Network
2024-04-20,Summer Sale 2024 - Social,73930,4828.0,496.0,425.8,1134.67,Social Media,Instagram
2024-05-23,New Product Launch - Search,15056,1505.6000000000001,301.12000000000006,19.59,608.57,Search,Google Ads
2024-04-26,Summer Sale 2024 - Social,29380,2938.0,133.0,859.38,3002.35,Social Media,TikTok
2024-03-09,Summer Sale 2024 - Search,27035,2703.5,497.0,733.85,2449.21,Search,Bing Ads
2024-04-08,Summer Sale 2024 - Social,31620,2417.0,202.0,947.29,182.99,Social Media,Instagram
2024-05-19,Summer Sale 2024 - Search,20877,2087.7000000000003,348.0,783.8,1933.39,Search,Bing Ads
2024-01-25,Summer Sale 2024 - Search,56316,326.0,21.0,320.57,575.32,Search,Bing Ads
2024-06-28,Summer Sale 2024 - Social,65041,2049.0,242.0,255.39,2680.22,Social Media,Facebook
2024-05-02,New Product Launch - Search,54352,1277.0,255.4,700.74,2009.1,Search,Bing Ads
2024-02-22,Retargeting - Display,31911,3191.1000000000004,451.0,370.47,3085.1,Display,Google Display Network
2024-05-30,Brand Awareness - Social,33784,3378.4,109.0,570.55,4037.73,Social Media,Facebook
2024-05-23,Brand Awareness - Social,4191,419.1,83.82000000000001,16.19,1533.36,Social Media,LinkedIn
2024-02-26,Retargeting - Display,34160,1359.0,84.0,71.27,4812.41,Display,Google Display Network
2024-02-08,Summer Sale 2024 - Search,91536,4202.0,83.0,540.01,2701.39,Search,Bing Ads
2024-04-18,Summer Sale 2024 - Search,65641,3284.0,291.0,570.41,3110.54,Search,Google Ads
2024-06-29,New Product Launch - Search,50723,4164.0,452.0,753.94,3419.33,Search,Bing Ads
2024-02-11,New Product Launch - Display,4631,463.1,69.0,140.65,3350.32,Display,Programmatic Display
2024-06-15,Summer Sale 2024 - Social,7172,717.2,129.0,518.05,2579.31,Social Media,LinkedIn
2024-05-21,Summer Sale 2024 - Search,43080,4258.0,196.0,202.5,2172.38,Search,Bing Ads
2024-05-01,Brand Awareness - Social,90097,3609.0,140.0,102.26,316.22,Social Media,LinkedIn
2024-05-12,New Product Launch - Search,91353,3448.0,444.0,416.39,159.32,Search,Bing Ads
2024-06-11,Summer Sale 2024 - Social,21281,591.0,118.2,171.7,1821.91,Social Media,TikTok
2024-03-15,New Product Launch - Search,29671,2744.0,312.0,229.56,1701.62,Search,Google Ads
2024-05-25,Summer Sale 2024 - Social,52431,4724.0,234.0,324.38,1969.09,Social Media,TikTok
2024-03-16,Summer Sale 2024 - Social,91900,1138.0,23.0,266.79,734.92,Social Media,Instagram
2024-01-09,Retargeting - Display,93961,3413.0,153.0,96.72,3703.93,Display,Google Display Network
2024-03-14,Summer Sale 2024 - Search,29602,74.0,14.8,99.02,4291.97,Search,Bing Ads
2024-05-24,New Product Launch - Search,89789,1622.0,61.0,201.32,4696.64,Search,Google Ads
2024-01-07,New Product Launch - Search,52399,3008.0,319.0,60.05,2487.19,Search,Google Ads
2024-06-22,Retargeting - Display,24472,2447.2000000000003,378.0,630.19,3519.29,Display,Programmatic Display
2024-05-20,Brand Awareness - Social,50230,1817.0,52.0,294.45,4284.98,Social Media,TikTok
2024-06-16,Brand Awareness - Social,74616,4793.0,344.0,286.95,2120.54,Social Media,Facebook
2024-06-18,Summer Sale 2024 - Search,8099,809.9000000000001,153.0,338.68,1581.59,Search,Google Ads
2024-05-16,Summer Sale 2024 - Search,26431,250.0,50.0,666.17,4686.79,Search,Bing Ads
2024-06-26,New Product Launch - Display,57492,3248.0,311.0,871.93,2602.6,Display,Google Display Network
2024-01-27,Retargeting - Display,97722,306.0,61.2,761.5,2511.41,Display,Programmatic Display
2024-05-01,Brand Awareness - Social,48684,3797.0,32.0,730.25,933.16,Social Media,TikTok
2024-01-05,Summer Sale 2024 - Social,31111,3111.1000000000004,55.0,489.55,585.37,Social Media,Facebook
2024-01-29,New Product Launch - Search,64936,2291.0,352.0,696.87,4218.43,Search,Google Ads
2024-06-13,Summer Sale 2024 - Search,23614,2361.4,389.0,557.23,3089.96,Search,Google Ads
2024-06-14,New Product Launch - Search,93260,3656.0,36.0,224.09,1662.83,Search,Bing Ads
2024-03-23,New Product Launch - Search,42991,3386.0,110.0,216.5,999.09,Search,Google Ads
2024-05-15,New Product Launch - Display,71476,4947.0,490.0,303.43,2799.71,Display,Programmatic Display
2024-04-18,Brand Awareness - Social,61920,463.0,92.60000000000001,911.69,2940.4,Social Media,Instagram
2024-03-05,Summer Sale 2024 - Search,95294,2064.0,362.0,551.94,1074.62,Search,Google Ads
2024-03-26,New Product Launch - Search,64530,1431.0,286.2,736.57,4264.46,Search,Google Ads
2024-05-24,Summer Sale 2024 - Search,37224,1148.0,229.60000000000002,353.09,467.11,Search,Bing Ads
2024-03-11,Summer Sale 2024 - Social,8788,878.8000000000001,175.76000000000002,413.64,1812.66,Social Media,Instagram
2024-02-14,New Product Launch - Display,29082,2908.2000000000003,97.0,134.31,3417.9,Display,Google Display Network
2024-05-11,Summer Sale 2024 - Social,90570,959.0,191.8,179.58,1406.9,Social Media,TikTok
2024-02-05,Summer Sale 2024 - Search,77816,237.0,47.400000000000006,829.08,4146.99,Search,Google Ads
2024-03-10,Summer Sale 2024 - Search,84588,4094.0,317.0,588.99,3712.35,Search,Google Ads
2024-06-07,Brand Awareness - Social,17531,1753.1000000000001,137.0,344.16,3955.66,Social Media,TikTok
2024-01-19,New Product Launch - Search,89340,2065.0,6.0,804.82,639.58,Search,Bing Ads
2024-04-17,New Product Launch - Search,95439,2142.0,428.40000000000003,254.05,745.71,Search,Google Ads
2024-06-15,Summer Sale 2024 - Social,45857,3694.0,109.0,976.27,1468.05,Social Media,Facebook
2024-03-31,New Product Launch - Display,11142,1114.2,35.0,351.37,2614.48,Display,Programmatic Display
2024-03-30,Retargeting - Display,49355,407.0,39.0,343.94,3752.68,Display,Google Display Network
2024-01-19,New Product Launch - Search,10866,1086.6000000000001,150.0,318.79,4190.83,Search,Google Ads
2024-02-08,Brand Awareness - Social,71067,4307.0,425.0,130.89,3536.46,Social Media,LinkedIn
2024-05-05,Summer Sale 2024 - Social,65027,4595.0,118.0,120.03,4646.55,Social Media,TikTok
2024-06-21,Summer Sale 2024 - Social,58906,1547.0,261.0,651.62,3706.78,Social Media,Instagram
2024-05-20,Retargeting - Display,29138,2208.0,426.0,876.37,1566.03,Display,Google Display Network
2024-05-05,Brand Awareness - Social,93601,2605.0,87.0,792.62,1362.15,Social Media,TikTok
2024-02-27,New Product Launch - Display,30956,2392.0,465.0,149.7,3496.15,Display,Google Display Network
2024-05-27,Brand Awareness - Social,77295,3001.0,76.0,550.13,1004.71,Social Media,LinkedIn
2024-03-01,New Product Launch - Display,6439,643.9000000000001,128.78000000000003,114.54,508.94,Display,Programmatic Display
2024-05-06,Brand Awareness - Social,48241,1023.0,204.60000000000002,54.84,2684.5,Social Media,LinkedIn
2024-04-14,Brand Awareness - Social,43533,4353.3,451.0,659.82,4117.13,Social Media,Instagram
2024-06-15,Summer Sale 2024 - Search,29270,2927.0,414.0,539.8,551.83,Search,Google Ads
2024-01-01,Summer Sale 2024 - Social,79815,1100.0,220.0,91.2,3969.86,Social Media,LinkedIn
2024-05-10,Brand Awareness - Social,40279,3751.0,383.0,44.59,4067.28,Social Media,LinkedIn
2024-04-01,Retargeting - Display,24888,2488.8,214.0,989.86,2437.26,Display,Programmatic Display
2024-04-22,Brand Awareness - Social,18630,1638.0,327.6,39.72,333.69,Social Media,Facebook
2024-06-01,New Product Launch - Search,62063,3928.0,285.0,450.08,914.22,Search,Google Ads
2024-02-25,Summer Sale 2024 - Social,36144,2418.0,239.0,509.57,3551.76,Social Media,LinkedIn
2024-06-09,New Product Launch - Search,53161,486.0,97.2,126.11,3573.3,Search,Bing Ads
2024-06-14,Summer Sale 2024 - Social,97718,2878.0,87.0,177.37,4496.86,Social Media,TikTok
2024-04-26,New Product Launch - Search,92074,1606.0,141.0,358.29,2934.3,Search,Bing Ads
2024-05-13,Brand Awareness - Social,78360,3908.0,160.0,764.06,664.33,Social Media,Instagram
2024-02-27,Brand Awareness - Social,51979,1354.0,46.0,512.01,651.0,Social Media,Instagram
2024-02-13,Summer Sale 2024 - Search,98661,2434.0,372.0,641.52,3619.61,Search,Bing Ads
2024-06-21,Retargeting - Display,7979,232.0,46.400000000000006,985.32,959.73,Display,Google Display Network
2024-06-08,New Product Launch - Search,27189,1639.0,112.0,770.33,1675.51,Search,Google Ads
2024-06-21,New Product Launch - Display,43600,1637.0,327.40000000000003,440.02,2461.7,Display,Google Display Network
2024-03-01,Summer Sale 2024 - Search,60560,709.0,45.0,451.98,172.59,Search,Bing Ads
2024-02-16,New Product Launch - Search,79040,209.0,41.800000000000004,622.58,1281.65,Search,Bing Ads
2024-05-28,New Product Launch - Search,62558,4003.0,247.0,668.71,2069.05,Search,Google Ads
2024-03-20,Summer Sale 2024 - Search,87205,1061.0,104.0,505.7,1434.2,Search,Google Ads
2024-04-27,Brand Awareness - Social,7910,102.0,20.400000000000002,648.41,725.03,Social Media,Facebook
2024-06-12,New Product Launch - Search,58713,2357.0,450.0,33.3,3653.66,Search,Bing Ads
2024-05-26,Brand Awareness - Social,47857,1278.0,255.60000000000002,435.33,4075.08,Social Media,TikTok
2024-01-20,Summer Sale 2024 - Search,35964,1085.0,134.0,286.15,1324.52,Search,Bing Ads
2024-05-25,Brand Awareness - Social,86667,3752.0,108.0,137.88,3883.38,Social Media,LinkedIn
2024-02-16,Summer Sale 2024 - Social,26227,2622.7000000000003,18.0,108.55,1958.49,Social Media,TikTok
2024-02-18,New Product Launch - Display,6978,697.8000000000001,94.0,607.16,2558.09,Display,Google Display Network
2024-01-14,New Product Launch - Search,88527,4499.0,150.0,528.36,4287.21,Search,Bing Ads
2024-05-22,Retargeting - Display,18153,1314.0,246.0,261.05,3762.27,Display,Google Display Network
2024-06-07,New Product Launch - Display,60765,1934.0,289.0,476.24,4035.33,Display,Google Display Network
2024-01-01,Brand Awareness - Social,40071,1859.0,371.8,497.31,727.38,Social Media,LinkedIn
2024-04-26,New Product Launch - Search,70519,3217.0,209.0,203.06,395.11,Search,Bing Ads
2024-02-23,Brand Awareness - Social,10503,1050.3,126.0,655.57,4472.35,Social Media,LinkedIn
2024-04-27,Summer Sale 2024 - Social,61703,2391.0,235.0,783.11,1969.78,Social Media,LinkedIn
2024-01-03,Summer Sale 2024 - Search,65379,3464.0,416.0,793.55,1475.0,Search,Bing Ads
2024-05-23,New Product Launch - Search,96457,867.0,173.4,606.45,3637.25,Search,Google Ads
2024-01-12,Summer Sale 2024 - Social,58866,2487.0,497.40000000000003,516.52,4190.26,Social Media,Instagram
2024-03-14,Summer Sale 2024 - Social,17905,938.0,187.60000000000002,70.4,4319.32,Social Media,Instagram
2024-01-16,New Product Launch - Search,46838,717.0,122.0,294.95,1614.19,Search,Bing Ads
2024-04-11,Brand Awareness - Social,59279,4778.0,138.0,102.34,4268.45,Social Media,Facebook
2024-05-31,Retargeting - Display,90489,2674.0,495.0,964.18,252.62,Display,Programmatic Display
2024-06-04,Summer Sale 2024 - Social,27806,2780.6000000000004,115.0,143.73,295.82,Social Media,Instagram
2024-04-26,New Product Launch - Display,46000,4573.0,420.0,160.26,3136.42,Display,Programmatic Display
2024-01-08,Summer Sale 2024 - Social,23168,868.0,162.0,890.68,362.38,Social Media,Facebook
2024-05-01,Retargeting - Display,71119,2238.0,201.0,944.49,1656.82,Display,Programmatic Display
2024-04-01,Brand Awareness - Social,39714,1156.0,231.20000000000002,768.17,3380.14,Social Media,LinkedIn
2024-06-12,Brand Awareness - Social,55093,2274.0,28.0,15.35,1719.47,Social Media,LinkedIn
2024-03-30,New Product Launch - Display,56419,247.0,11.0,11.33,939.02,Display,Google Display Network
2024-05-15,Summer Sale 2024 - Social,50145,2721.0,206.0,384.32,1442.69,Social Media,TikTok
2024-02-29,Brand Awareness - Social,78425,3542.0,167.0,151.96,2315.0,Social Media,TikTok
2024-06-26,Retargeting - Display,93949,2498.0,247.0,28.2,2403.16,Display,Google Display Network
2024-01-28,New Product Launch - Search,78811,520.0,47.0,469.43,3925.85,Search,Bing Ads
2024-04-10,Summer Sale 2024 - Search,3461,346.1,69.22000000000001,943.63,3763.26,Search,Bing Ads
2024-02-10,Summer Sale 2024 - Search,15291,1529.1000000000001,127.0,330.58,2311.25,Search,Google Ads
2024-06-03,Summer Sale 2024 - Search,47804,2060.0,147.0,664.53,4236.05,Search,Google Ads
2024-05-24,Summer Sale 2024 - Social,77971,3850.0,118.0,655.71,615.47,Social Media,LinkedIn
2024-06-09,New Product Launch - Display,94471,4168.0,399.0,258.57,1314.0,Display,Programmatic Display
2024-06-05,Brand Awareness - Social,65946,3846.0,382.0,653.92,4148.48,Social Media,TikTok
2024-05-20,New Product Launch - Search,99989,4038.0,412.0,220.21,1921.07,Search,Google Ads
2024-02-15,Retargeting - Display,85080,284.0,56.800000000000004,130.79,4906.85,Display,Google Display Network
2024-02-04,New Product Launch - Search,62332,978.0,72.0,704.37,2357.95,Search,Google Ads
2024-05-13,Retargeting - Display,78794,3657.0,363.0,122.31,3970.08,Display,Programmatic Display
2024-03-22,Summer Sale 2024 - Social,31841,572.0,114.4,996.94,2041.42,Social Media,Facebook
2024-04-24,Summer Sale 2024 - Search,49758,3573.0,175.0,191.62,2153.52,Search,Google Ads
2024-02-16,Summer Sale 2024 - Social,77272,4576.0,289.0,598.2,1945.27,Social Media,Instagram
2024-06-01,New Product Launch - Display,38643,3864.3,446.0,417.26,3609.42,Display,Programmatic Display
2024-01-10,New Product Launch - Display,51408,1679.0,335.8,135.12,2760.21,Display,Programmatic Display
2024-02-25,Retargeting - Display,44950,4495.0,19.0,37.57,4721.7,Display,Programmatic Display
2024-01-30,Brand Awareness - Social,57849,1366.0,195.0,626.5,1291.91,Social Media,Instagram
2024-04-18,Brand Awareness - Social,29044,2904.4,330.0,808.69,547.79,Social Media,TikTok
2024-01-05,Retargeting - Display,16997,1174.0,234.8,843.6,1996.64,Display,Google Display Network
2024-04-28,New Product Launch - Display,80751,2637.0,175.0,487.89,3102.73,Display,Google Display Network
2024-02-02,New Product Launch - Display,99605,1073.0,214.60000000000002,779.68,4310.95,Display,Programmatic Display
2024-04-27,New Product Launch - Display,24911,1428.0,285.6,676.12,1763.67,Display,Google Display Network
2024-03-05,Summer Sale 2024 - Social,56533,3424.0,413.0,727.01,3286.24,Social Media,Instagram
2024-05-25,New Product Launch - Display,83566,1569.0,313.8,497.67,1783.48,Display,Google Display Network
2024-06-25,New Product Launch - Search,95870,276.0,55.2,637.08,3105.24,Search,Google Ads
2024-01-11,Summer Sale 2024 - Search,15571,941.0,188.20000000000002,807.47,4429.8,Search,Bing Ads
2024-03-25,New Product Launch - Display,95463,4122.0,141.0,403.91,1195.22,Display,Programmatic Display
2024-01-26,Retargeting - Display,58941,2307.0,246.0,807.92,2051.0,Display,Google Display Network
2024-03-03,Summer Sale 2024 - Search,59005,2838.0,385.0,596.1,4966.66,Search,Google Ads
2024-03-26,Summer Sale 2024 - Social,87250,446.0,89.2,174.24,4349.36,Social Media,TikTok
2024-02-28,Retargeting - Display,59712,2128.0,93.0,34.44,2844.97,Display,Google Display Network
2024-01-27,Summer Sale 2024 - Search,44541,4454.1,432.0,369.13,2607.31,Search,Google Ads
2024-06-25,Retargeting - Display,24387,2438.7000000000003,239.0,551.23,1458.77,Display,Programmatic Display
2024-06-09,Summer Sale 2024 - Social,94980,3287.0,205.0,841.42,2610.19,Social Media,LinkedIn
2024-04-07,New Product Launch - Search,49908,3943.0,48.0,136.21,4248.5,Search,Bing Ads
2024-04-14,Summer Sale 2024 - Social,86457,2055.0,411.0,802.2,3441.61,Social Media,LinkedIn
2024-04-08,Summer Sale 2024 - Social,14057,1405.7,245.0,864.38,1485.72,Social Media,Facebook
2024-05-08,Retargeting - Display,65028,3221.0,320.0,159.18,1047.25,Display,Google Display Network
2024-05-28,Brand Awareness - Social,56731,2718.0,317.0,853.08,1362.78,Social Media,Instagram
2024-02-24,New Product Launch - Display,25858,1928.0,385.6,991.54,890.31,Display,Google Display Network
2024-01-06,New Product Launch - Display,49689,1246.0,249.20000000000002,729.57,523.42,Display,Programmatic Display
2024-04-04,New Product Launch - Search,45638,1822.0,128.0,786.92,2124.72,Search,Google Ads
2024-05-12,New Product Launch - Search,92598,211.0,42.2,994.47,610.83,Search,Google Ads
2024-04-11,New Product Launch - Display,47486,4026.0,282.0,609.43,900.97,Display,Google Display Network
2024-01-03,Brand Awareness - Social,21567,1801.0,17.0,314.81,2759.26,Social Media,Instagram
2024-06-29,New Product Launch - Display,30739,825.0,71.0,839.16,864.77,Display,Programmatic Display
2024-01-23,Brand Awareness - Social,58804,989.0,197.8,618.34,366.2,Social Media,LinkedIn
2024-02-22,New Product Launch - Search,4754,475.40000000000003,95.08000000000001,585.38,1621.07,Search,Bing Ads
2024-06-13,Summer Sale 2024 - Search,28044,589.0,117.80000000000001,261.1,1140.58,Search,Google Ads
2024-03-23,Retargeting - Display,68260,4967.0,305.0,758.77,2600.76,Display,Google Display Network
2024-05-24,New Product Launch - Search,67912,1511.0,302.2,90.85,556.72,Search,Google Ads
2024-03-25,New Product Launch - Search,9706,405.0,7.0,925.04,3771.27,Search,Google Ads
2024-03-18,Summer Sale 2024 - Social,9894,989.4000000000001,197.88000000000002,332.57,4535.86,Social Media,Instagram
2024-04-19,Summer Sale 2024 - Social,19037,1903.7,305.0,136.5,3730.0,Social Media,Facebook
2024-01-01,Summer Sale 2024 - Social,84986,284.0,56.800000000000004,447.94,2687.49,Social Media,Facebook
2024-02-20,Retargeting - Display,82942,1598.0,309.0,52.05,4310.31,Display,Google Display Network
2024-06-21,Summer Sale 2024 - Social,52612,2146.0,193.0,687.78,3489.85,Social Media,LinkedIn
2024-01-04,Brand Awareness - Social,30725,3072.5,241.0,903.68,102.23,Social Media,LinkedIn
2024-04-22,New Product Launch - Display,6926,692.6,62.0,838.89,2000.75,Display,Programmatic Display
2024-02-01,Summer Sale 2024 - Search,10496,1049.6000000000001,17.0,136.1,4262.21,Search,Google Ads
2024-02-03,New Product Launch - Search,57447,2150.0,171.0,135.01,1762.0,Search,Bing Ads
2024-04-01,Brand Awareness - Social,30806,3080.6000000000004,25.0,815.3,224.32,Social Media,Facebook
2024-04-04,Summer Sale 2024 - Search,89199,4703.0,251.0,925.01,3743.59,Search,Google Ads
2024-03-12,Brand Awareness - Social,42321,3646.0,253.0,466.06,4020.09,Social Media,Facebook
2024-02-08,Brand Awareness - Social,66095,3798.0,387.0,503.98,844.94,Social Media,Instagram
2024-06-02,New Product Launch - Search,23656,2365.6,207.0,325.08,2709.84,Search,Bing Ads
2024-06-10,New Product Launch - Display,56147,1865.0,29.0,895.32,1000.18,Display,Google Display Network
2024-04-27,Summer Sale 2024 - Social,92396,3891.0,117.0,648.45,3610.21,Social Media,TikTok
2024-01-03,Retargeting - Display,50666,2055.0,411.0,295.37,1394.17,Display,Programmatic Display
2024-05-02,New Product Launch - Display,83368,4543.0,416.0,305.8,1615.26,Display,Programmatic Display
2024-02-19,Retargeting - Display,39787,724.0,144.8,892.29,4232.61,Display,Programmatic Display
2024-01-12,New Product Launch - Search,63946,436.0,87.2,23.5,2407.8,Search,Google Ads
2024-02-23,New Product Launch - Search,22727,2208.0,144.0,329.5,3365.28,Search,Google Ads
2024-05-12,New Product Launch - Search,96081,2711.0,25.0,558.81,2041.75,Search,Google Ads
2024-02-26,Summer Sale 2024 - Search,69056,2114.0,310.0,156.74,1525.13,Search,Bing Ads
2024-05-24,Retargeting - Display,4081,408.1,81.62,101.18,3146.12,Display,Programmatic Display
2024-04-21,New Product Launch - Display,35196,3303.0,73.0,817.12,816.54,Display,Programmatic Display
2024-02-16,New Product Launch - Display,37735,3773.5,120.0,895.46,1896.35,Display,Google Display Network
2024-05-30,Brand Awareness - Social,81102,4316.0,312.0,825.37,1084.73,Social Media,Facebook
2024-03-25,Brand Awareness - Social,80578,789.0,157.8,899.8,3494.19,Social Media,LinkedIn
2024-05-21,Brand Awareness - Social,26498,1451.0,93.0,557.58,4723.83,Social Media,TikTok
2024-03-06,New Product Launch - Search,77865,3309.0,86.0,814.14,4977.78,Search,Bing Ads
2024-03-15,New Product Launch - Display,32656,2327.0,336.0,390.2,2278.87,Display,Google Display Network
2024-06-27,Retargeting - Display,68695,3954.0,425.0,669.61,1300.03,Display,Programmatic Display
2024-04-12,New Product Launch - Search,38900,3890.0,499.0,988.95,2242.01,Search,Google Ads
2024-06-14,Summer Sale 2024 - Search,85899,4264.0,364.0,233.47,4243.98,Search,Google Ads
2024-02-07,Brand Awareness - Social,48701,3277.0,435.0,396.0,1069.73,Social Media,Instagram
2024-02-19,New Product Launch - Search,20033,2003.3000000000002,118.0,485.25,4762.87,Search,Bing Ads
2024-04-07,New Product Launch - Search,11805,1180.5,233.0,146.64,1742.24,Search,Bing Ads
2024-03-22,Summer Sale 2024 - Search,36851,2562.0,199.0,90.23,4929.73,Search,Bing Ads
2024-01-30,Summer Sale 2024 - Social,27832,2201.0,206.0,831.43,4201.11,Social Media,Instagram
2024-03-19,New Product Launch - Display,64437,3725.0,413.0,977.03,4052.42,Display,Google Display Network
2024-03-31,Retargeting - Display,14944,1494.4,298.88000000000005,410.68,1623.63,Display,Programmatic Display
2024-06-27,Summer Sale 2024 - Social,20873,2087.3,147.0,96.77,93.45,Social Media,Instagram
2024-02-21,Brand Awareness - Social,41372,3814.0,450.0,75.15,1941.56,Social Media,Instagram
2024-06-14,New Product Launch - Search,90464,2272.0,425.0,892.41,1543.96,Search,Google Ads
2024-03-19,Summer Sale 2024 - Search,16379,1637.9,327.58000000000004,469.18,235.12,Search,Bing Ads
2024-01-30,Summer Sale 2024 - Search,37751,1747.0,271.0,326.83,2551.56,Search,Bing Ads
2024-04-15,New Product Launch - Display,90822,3512.0,387.0,481.7,2045.0,Display,Programmatic Display
2024-02-20,Summer Sale 2024 - Social,6110,611.0,122.2,325.12,3191.05,Social Media,Facebook
2024-03-21,New Product Launch - Display,55341,1574.0,181.0,494.15,3124.87,Display,Google Display Network
2024-05-12,New Product Launch - Search,13087,1308.7,261.74,860.96,647.7,Search,Bing Ads
2024-01-29,New Product Launch - Display,24762,82.0,16.400000000000002,596.38,4885.98,Display,Google Display Network
2024-05-11,Retargeting - Display,83617,4075.0,57.0,697.71,975.31,Display,Programmatic Display
2024-05-17,Summer Sale 2024 - Search,10596,1059.6000000000001,211.92000000000004,371.02,2254.11,Search,Google Ads
2024-05-24,Summer Sale 2024 - Search,19313,1931.3000000000002,146.0,741.12,2466.18,Search,Bing Ads
2024-03-14,Brand Awareness - Social,67549,3946.0,435.0,669.95,4074.66,Social Media,Facebook
2024-01-17,Brand Awareness - Social,24705,2470.5,384.0,128.37,541.19,Social Media,LinkedIn
2024-03-24,New Product Launch - Search,68364,769.0,48.0,576.92,2171.79,Search,Bing Ads
2024-03-09,Retargeting - Display,74445,4629.0,194.0,264.18,3161.09,Display,Google Display Network
2024-02-03,Summer Sale 2024 - Social,79645,1022.0,204.4,806.05,1115.02,Social Media,LinkedIn
2024-01-06,New Product Launch - Display,3023,302.3,60.46000000000001,431.68,3155.97,Display,Programmatic Display
2024-02-22,New Product Launch - Search,60796,4452.0,22.0,994.74,4622.14,Search,Bing Ads
2024-05-05,Brand Awareness - Social,81073,4602.0,6.0,101.58,4987.71,Social Media,LinkedIn
2024-02-12,New Product Launch - Display,93197,2257.0,204.0,782.54,210.63,Display,Google Display Network
2024-04-24,Brand Awareness - Social,65429,4476.0,239.0,676.96,1216.16,Social Media,Instagram
2024-04-20,New Product Launch - Display,62627,4370.0,185.0,769.82,1586.02,Display,Google Display Network
2024-05-30,Summer Sale 2024 - Social,34848,3080.0,360.0,314.45,2025.67,Social Media,TikTok
2024-03-20,New Product Launch - Search,38804,3625.0,292.0,497.13,1249.17,Search,Google Ads
2024-04-04,New Product Launch - Display,16379,1637.9,327.58000000000004,798.54,1057.27,Display,Google Display Network
2024-04-27,Retargeting - Display,60664,3335.0,220.0,240.22,4775.04,Display,Programmatic Display
2024-05-23,Summer Sale 2024 - Search,28766,693.0,116.0,233.77,4596.68,Search,Bing Ads
2024-01-08,Retargeting - Display,69099,4761.0,313.0,555.54,282.61,Display,Google Display Network
2024-05-11,Retargeting - Display,37060,244.0,48.800000000000004,528.33,1727.12,Display,Programmatic Display
2024-04-13,Summer Sale 2024 - Search,95733,4046.0,173.0,289.44,2055.49,Search,Google Ads
2024-05-11,Retargeting - Display,70122,538.0,82.0,305.09,1233.12,Display,Programmatic Display
2024-01-25,New Product Launch - Display,17087,1708.7,322.0,285.07,3162.92,Display,Programmatic Display
2024-04-05,New Product Launch - Display,49868,2707.0,333.0,773.8,3219.88,Display,Programmatic Display
2024-06-03,New Product Launch - Display,24225,2422.5,45.0,655.38,4260.0,Display,Google Display Network
2024-04-02,Summer Sale 2024 - Search,96286,1152.0,230.4,834.09,3717.3,Search,Google Ads
2024-06-08,Retargeting - Display,7643,764.3000000000001,20.0,975.72,2735.74,Display,Programmatic Display
2024-06-26,Summer Sale 2024 - Search,94059,565.0,113.0,479.42,3285.25,Search,Google Ads
2024-03-01,New Product Launch - Display,37727,442.0,88.4,76.03,1406.24,Display,Google Display Network
2024-05-01,Retargeting - Display,12005,680.0,123.0,57.61,2985.63,Display,Programmatic Display
2024-02-20,Retargeting - Display,66697,3766.0,234.0,302.71,2471.67,Display,Google Display Network
2024-05-26,Brand Awareness - Social,17029,1702.9,221.0,933.22,710.06,Social Media,Instagram
2024-01-21,Brand Awareness - Social,15226,1522.6000000000001,304.52000000000004,527.98,1250.59,Social Media,Instagram
2024-01-05,Summer Sale 2024 - Social,64646,1029.0,205.8,279.07,1493.88,Social Media,Instagram
2024-04-01,New Product Launch - Search,61603,4579.0,3.0,405.18,4625.33,Search,Google Ads
2024-06-18,Brand Awareness - Social,29731,2973.1000000000004,182.0,602.61,1190.41,Social Media,Instagram
2024-03-01,Summer Sale 2024 - Search,69926,3921.0,206.0,656.42,1481.76,Search,Bing Ads
2024-01-22,Brand Awareness - Social,6997,327.0,65.4,162.38,1878.3,Social Media,Facebook
2024-05-28,Summer Sale 2024 - Social,56506,282.0,40.0,977.26,3335.53,Social Media,TikTok
2024-03-10,Retargeting - Display,79229,1602.0,59.0,549.32,635.28,Display,Google Display Network
2024-01-01,Summer Sale 2024 - Social,50815,3320.0,439.0,144.33,4772.03,Social Media,TikTok
2024-05-12,Retargeting - Display,43092,2459.0,62.0,894.7,4334.58,Display,Programmatic Display
2024-01-12,Retargeting - Display,63539,3562.0,132.0,83.89,2907.22,Display,Google Display Network
2024-03-30,New Product Launch - Search,67077,75.0,15.0,908.66,3386.49,Search,Google Ads
2024-02-15,Brand Awareness - Social,22817,510.0,102.0,996.6,132.47,Social Media,TikTok
2024-02-03,Summer Sale 2024 - Search,38861,3814.0,331.0,703.43,1727.78,Search,Google Ads
2024-06-25,Summer Sale 2024 - Search,14428,1442.8000000000002,122.0,772.74,3988.52,Search,Bing Ads
2024-03-18,New Product Launch - Display,44934,3533.0,479.0,343.93,433.54,Display,Google Display Network
2024-02-14,Retargeting - Display,11258,1125.8,107.0,942.16,1447.45,Display,Programmatic Display
2024-06-03,Summer Sale 2024 - Search,58775,540.0,96.0,534.42,2947.22,Search,Google Ads
2024-03-13,New Product Launch - Search,82580,1122.0,224.4,735.06,1319.24,Search,Bing Ads
2024-01-26,Retargeting - Display,95947,3223.0,414.0,924.87,4673.19,Display,Programmatic Display
2024-02-16,New Product Launch - Search,6469,265.0,53.0,975.43,698.74,Search,Google Ads
2024-04-30,Summer Sale 2024 - Search,29854,1773.0,354.6,834.87,3997.1,Search,Bing Ads
2024-02-25,Summer Sale 2024 - Search,7256,725.6,62.0,309.99,2564.35,Search,Google Ads
2024-04-03,New Product Launch - Display,77256,2656.0,256.0,966.88,3764.14,Display,Programmatic Display
2024-04-16,Summer Sale 2024 - Search,34937,208.0,41.6,631.84,1588.04,Search,Bing Ads
2024-03-03,Retargeting - Display,2651,265.1,53.02000000000001,931.34,2596.72,Display,Programmatic Display
2024-02-17,Retargeting - Display,51288,3363.0,348.0,679.34,4291.33,Display,Google Display Network
2024-03-01,Retargeting - Display,85730,2891.0,159.0,314.17,2361.05,Display,Programmatic Display
2024-03-21,New Product Launch - Display,26051,1826.0,124.0,376.32,1830.61,Display,Google Display Network
2024-01-26,New Product Launch - Display,28386,2102.0,420.40000000000003,554.97,2703.97,Display,Programmatic Display
2024-02-05,Summer Sale 2024 - Search,76054,2345.0,317.0,792.11,3600.95,Search,Bing Ads
2024-01-01,Summer Sale 2024 - Social,17184,1718.4,207.0,324.8,2245.64,Social Media,LinkedIn
2024-01-08,Summer Sale 2024 - Social,34787,3043.0,48.0,583.93,4697.44,Social Media,Instagram
2024-04-22,New Product Launch - Display,22621,2262.1,409.0,352.17,1509.98,Display,Programmatic Display
2024-04-08,Summer Sale 2024 - Search,76564,1996.0,399.20000000000005,817.61,2403.54,Search,Bing Ads
2024-06-28,Summer Sale 2024 - Social,78984,3859.0,136.0,472.06,3796.79,Social Media,TikTok
2024-02-16,Summer Sale 2024 - Search,60792,2833.0,201.0,85.96,3461.15,Search,Google Ads
2024-05-06,Summer Sale 2024 - Search,46253,3694.0,250.0,174.39,4325.02,Search,Google Ads
2024-02-25,Summer Sale 2024 - Search,35051,2550.0,314.0,70.49,4984.21,Search,Bing Ads
2024-01-14,Brand Awareness - Social,50811,3695.0,357.0,504.31,2162.95,Social Media,Facebook
2024-01-28,Retargeting - Display,31447,2695.0,368.0,115.27,600.2,Display,Programmatic Display
2024-03-18,Summer Sale 2024 - Search,84930,2399.0,429.0,123.0,200.56,Search,Google Ads
2024-05-09,Brand Awareness - Social,31254,1982.0,318.0,941.64,3648.04,Social Media,TikTok
2024-04-18,New Product Launch - Display,85045,3344.0,295.0,873.93,4376.37,Display,Programmatic Display
2024-06-02,Summer Sale 2024 - Social,58418,1807.0,361.40000000000003,457.57,1142.53,Social Media,Instagram
2024-01-14,Retargeting - Display,15472,1166.0,233.20000000000002,985.95,834.32,Display,Google Display Network
2024-02-25,Summer Sale 2024 - Social,4471,447.1,89.42000000000002,10.18,357.92,Social Media,TikTok
2024-04-24,Retargeting - Display,96804,3549.0,355.0,617.84,4122.38,Display,Google Display Network
2024-01-07,Summer Sale 2024 - Social,9329,542.0,108.4,620.26,1591.34,Social Media,TikTok
2024-01-03,Retargeting - Display,35865,3356.0,211.0,462.87,2038.4,Display,Programmatic Display
2024-04-20,Summer Sale 2024 - Social,47850,669.0,133.8,402.98,2538.61,Social Media,Facebook
2024-05-30,Summer Sale 2024 - Social,55220,3282.0,44.0,460.83,4205.29,Social Media,Instagram
2024-04-16,Summer Sale 2024 - Social,94808,3873.0,29.0,420.81,3271.62,Social Media,LinkedIn
2024-01-18,Summer Sale 2024 - Social,7397,739.7,59.0,733.19,3094.57,Social Media,Facebook
2024-02-07,New Product Launch - Display,98909,1596.0,71.0,144.0,919.58,Display,Programmatic Display
2024-04-24,Summer Sale 2024 - Search,36525,3613.0,92.0,205.66,2590.29,Search,Google Ads
2024-01-15,New Product Launch - Search,54072,1655.0,265.0,188.71,3591.14,Search,Bing Ads
2024-04-28,Brand Awareness - Social,91106,3802.0,383.0,269.85,4867.64,Social Media,Instagram
2024-01-28,New Product Launch - Search,84820,4725.0,220.0,530.01,1046.96,Search,Google Ads
2024-02-08,New Product Launch - Search,85530,1940.0,388.0,120.1,97.24,Search,Bing Ads
2024-01-17,Retargeting - Display,24284,1325.0,265.0,869.49,422.74,Display,Programmatic Display
2024-03-26,Summer Sale 2024 - Search,62330,2793.0,442.0,304.39,1910.47,Search,Google Ads
2024-05-05,Retargeting - Display,84369,2543.0,401.0,170.91,4111.7,Display,Programmatic Display
2024-02-13,Summer Sale 2024 - Search,26122,406.0,81.2,678.87,85.35,Search,Bing Ads
2024-01-25,Summer Sale 2024 - Search,71553,919.0,183.8,47.71,2310.82,Search,Google Ads
2024-05-24,Summer Sale 2024 - Social,82906,935.0,187.0,623.77,1679.69,Social Media,TikTok
2024-01-13,New Product Launch - Display,95788,2051.0,387.0,701.22,309.78,Display,Programmatic Display
2024-01-25,Summer Sale 2024 - Social,63812,1333.0,266.6,222.77,2278.67,Social Media,Instagram
2024-03-08,New Product Launch - Display,8999,669.0,64.0,51.54,1311.01,Display,Programmatic Display
2024-05-17,Retargeting - Display,23436,932.0,186.4,370.01,1791.83,Display,Google Display Network
2024-03-07,New Product Launch - Display,43963,846.0,169.20000000000002,107.61,3542.8,Display,Programmatic Display
2024-04-18,Retargeting - Display,3096,309.6,61.92000000000001,125.31,2631.68,Display,Programmatic Display
2024-05-25,New Product Launch - Search,26279,2627.9,485.0,261.72,667.0,Search,Bing Ads
2024-04-20,New Product Launch - Search,27201,1346.0,245.0,302.51,4809.0,Search,Bing Ads
2024-04-20,New Product Launch - Display,20715,2071.5,414.3,534.67,3197.76,Display,Programmatic Display
2024-02-03,New Product Launch - Display,30309,294.0,58.800000000000004,681.61,3841.05,Display,Programmatic Display
2024-04-20,Retargeting - Display,16078,1607.8000000000002,321.56000000000006,596.84,442.11,Display,Google Display Network
2024-01-08,Summer Sale 2024 - Social,57614,979.0,195.8,156.88,282.94,Social Media,TikTok
2024-06-16,Retargeting - Display,6105,569.0,113.80000000000001,180.37,146.27,Display,Programmatic Display
2024-04-22,Summer Sale 2024 - Social,95848,3262.0,445.0,879.98,984.53,Social Media,Instagram
2024-03-23,New Product Launch - Search,3839,383.90000000000003,76.78000000000002,562.77,2101.32,Search,Google Ads
2024-02-11,Summer Sale 2024 - Search,69920,57.0,11.4,871.24,4682.34,Search,Google Ads
2024-06-17,New Product Launch - Display,44619,2575.0,54.0,377.83,2312.45,Display,Google Display Network
2024-04-10,Summer Sale 2024 - Social,43821,3473.0,16.0,618.26,1486.76,Social Media,LinkedIn
2024-01-06,Retargeting - Display,14493,1449.3000000000002,8.0,528.43,2831.58,Display,Programmatic Display
2024-06-28,New Product Launch - Search,18069,1806.9,104.0,325.93,604.08,Search,Bing Ads
2024-01-26,Summer Sale 2024 - Social,8531,853.1,59.0,475.22,3067.05,Social Media,Instagram
2024-03-04,Retargeting - Display,38051,3717.0,313.0,507.47,2863.74,Display,Google Display Network
2024-02-28,New Product Launch - Display,8736,873.6,40.0,208.76,3970.37,Display,Google Display Network
2024-04-18,New Product Launch - Display,8710,871.0,174.20000000000002,321.86,4934.1,Display,Google Display Network
2024-04-30,Brand Awareness - Social,68155,135.0,27.0,793.5,1291.82,Social Media,TikTok
2024-02-02,Summer Sale 2024 - Search,14975,1497.5,299.5,916.63,2572.8,Search,Bing Ads
2024-06-29,Brand Awareness - Social,63424,4282.0,94.0,366.2,4548.88,Social Media,LinkedIn
2024-05-29,New Product Launch - Search,46603,2518.0,222.0,313.9,3936.69,Search,Google Ads
2024-01-21,Summer Sale 2024 - Social,24252,2425.2000000000003,204.0,203.25,2462.66,Social Media,TikTok
2024-03-10,New Product Launch - Search,81797,1686.0,138.0,681.71,4729.59,Search,Google Ads
2024-04-21,Retargeting - Display,2431,243.10000000000002,48.620000000000005,329.87,333.32,Display,Google Display Network
2024-01-04,New Product Launch - Display,75603,4059.0,395.0,987.87,4658.44,Display,Google Display Network
2024-04-03,Brand Awareness - Social,38481,3376.0,207.0,332.43,300.01,Social Media,LinkedIn
2024-03-15,Brand Awareness - Social,93573,2268.0,336.0,400.19,2759.16,Social Media,LinkedIn
2024-03-02,Brand Awareness - Social,10557,1055.7,81.0,607.3,4457.68,Social Media,TikTok
2024-04-03,New Product Launch - Search,75971,2419.0,218.0,803.67,1350.47,Search,Google Ads
2024-04-04,New Product Launch - Display,1162,116.2,2.0,474.82,2387.63,Display,Google Display Network
2024-05-31,Summer Sale 2024 - Social,35742,2553.0,178.0,428.43,1655.43,Social Media,LinkedIn
2024-02-24,Retargeting - Display,20675,993.0,198.60000000000002,995.68,4763.11,Display,Programmatic Display
2024-05-16,Summer Sale 2024 - Social,74997,2887.0,371.0,20.39,4127.05,Social Media,Instagram
2024-05-10,New Product Launch - Search,18015,1801.5,346.0,896.11,3559.56,Search,Google Ads
2024-01-31,Retargeting - Display,51057,2986.0,279.0,157.65,2958.75,Display,Programmatic Display
2024-02-09,Brand Awareness - Social,33591,3359.1000000000004,146.0,788.07,4111.93,Social Media,TikTok
2024-02-05,Summer Sale 2024 - Search,94583,3997.0,318.0,621.75,1991.72,Search,Bing Ads
2024-05-31,New Product Launch - Search,10833,1083.3,216.66,348.43,2265.38,Search,Bing Ads
2024-01-06,New Product Launch - Search,8896,889.6,177.92000000000002,875.14,3663.51,Search,Bing Ads
2024-03-06,New Product Launch - Display,33972,3397.2000000000003,384.0,22.78,1820.89,Display,Google Display Network
2024-03-15,Summer Sale 2024 - Social,50733,2837.0,62.0,234.42,366.31,Social Media,TikTok
2024-01-04,New Product Launch - Search,42800,1511.0,294.0,571.22,417.96,Search,Bing Ads
2024-03-19,New Product Launch - Search,97044,3368.0,239.0,358.03,621.05,Search,Google Ads
2024-05-13,Brand Awareness - Social,6347,634.7,126.94000000000001,614.27,4354.92,Social Media,Facebook
2024-04-27,Brand Awareness - Social,60063,2226.0,166.0,33.87,2387.52,Social Media,TikTok
2024-04-22,Retargeting - Display,96850,3793.0,451.0,125.29,3578.77,Display,Google Display Network
2024-04-03,Summer Sale 2024 - Search,3643,364.3,72.86,135.83,1994.9,Search,Google Ads
2024-06-27,New Product Launch - Display,41785,2702.0,61.0,197.39,1330.62,Display,Google Display Network
2024-03-02,Summer Sale 2024 - Search,19681,1968.1000000000001,129.0,464.74,1768.6,Search,Google Ads
2024-03-19,Retargeting - Display,51026,3874.0,478.0,754.61,3981.2,Display,Programmatic Display
2024-05-15,Brand Awareness - Social,16892,1689.2,173.0,906.48,3144.82,Social Media,TikTok
2024-01-26,Summer Sale 2024 - Social,48299,1029.0,205.8,837.02,4691.32,Social Media,TikTok
2024-06-27,Brand Awareness - Social,18073,1807.3000000000002,156.0,204.92,3414.54,Social Media,Instagram
2024-06-21,New Product Launch - Display,31682,678.0,135.6,446.74,2872.4,Display,Programmatic Display
2024-02-13,Brand Awareness - Social,98798,1679.0,335.8,207.42,3070.47,Social Media,LinkedIn
2024-05-12,New Product Launch - Display,97894,3746.0,110.0,271.83,4714.74,Display,Programmatic Display
2024-03-10,New Product Launch - Display,15289,1528.9,269.0,508.51,3951.59,Display,Google Display Network
2024-06-02,New Product Launch - Display,8927,892.7,178.54000000000002,77.43,169.0,Display,Programmatic Display
2024-04-27,Retargeting - Display,49330,3979.0,356.0,225.99,2693.99,Display,Programmatic Display
2024-03-08,New Product Launch - Display,67707,2815.0,391.0,936.02,3457.28,Display,Google Display Network
2024-01-19,New Product Launch - Display,78454,4419.0,278.0,471.46,3756.06,Display,Google Display Network
2024-01-20,Summer Sale 2024 - Social,66428,4830.0,74.0,450.93,1105.05,Social Media,Facebook
2024-04-22,Summer Sale 2024 - Search,51601,165.0,33.0,24.42,4342.53,Search,Bing Ads
2024-05-19,New Product Launch - Search,78465,2053.0,410.6,254.93,4781.42,Search,Google Ads
2024-02-16,Summer Sale 2024 - Search,3539,353.90000000000003,70.78000000000002,867.63,1221.74,Search,Bing Ads
2024-01-01,New Product Launch - Display,23669,2366.9,207.0,172.98,4418.95,Display,Google Display Network
2024-03-30,Summer Sale 2024 - Social,71968,1155.0,231.0,420.97,530.04,Social Media,Facebook
2024-05-21,Brand Awareness - Social,21644,2164.4,432.88000000000005,24.19,325.75,Social Media,LinkedIn
2024-03-04,Summer Sale 2024 - Social,19745,1974.5,279.0,483.55,689.66,Social Media,Facebook
2024-02-07,New Product Launch - Display,29228,203.0,40.6,30.81,335.82,Display,Google Display Network
2024-02-06,Summer Sale 2024 - Social,35521,3552.1000000000004,326.0,821.41,4232.81,Social Media,TikTok
2024-05-05,Summer Sale 2024 - Social,98239,4460.0,472.0,826.61,342.3,Social Media,Facebook
2024-05-18,New Product Launch - Display,27928,2792.8,340.0,789.86,1394.74,Display,Google Display Network
2024-04-09,Retargeting - Display,19322,1114.0,222.8,290.53,563.59,Display,Programmatic Display
2024-03-17,Summer Sale 2024 - Social,58714,4250.0,340.0,838.86,1512.34,Social Media,Instagram
2024-01-03,New Product Launch - Search,88896,1963.0,204.0,547.57,498.27,Search,Google Ads
2024-06-09,New Product Launch - Search,63292,1266.0,161.0,380.07,3356.62,Search,Bing Ads
2024-05-13,Summer Sale 2024 - Social,30055,2451.0,28.0,629.08,709.97,Social Media,Instagram
2024-06-26,Retargeting - Display,43891,1822.0,364.40000000000003,22.22,4266.64,Display,Programmatic Display
2024-01-10,Brand Awareness - Social,82912,2010.0,257.0,151.53,4095.1,Social Media,Facebook
2024-01-05,New Product Launch - Display,7588,758.8000000000001,151.76000000000002,744.87,117.63,Display,Google Display Network
2024-05-30,New Product Launch - Search,91536,4854.0,63.0,251.72,4483.85,Search,Google Ads
2024-05-17,Brand Awareness - Social,7304,730.4000000000001,22.0,602.03,193.27,Social Media,Instagram
2024-06-20,Summer Sale 2024 - Social,8345,834.5,70.0,391.25,1236.25,Social Media,LinkedIn
2024-05-09,Brand Awareness - Social,30300,710.0,142.0,856.26,210.33,Social Media,Facebook
2024-01-13,Summer Sale 2024 - Search,25259,2525.9,405.0,952.89,1712.43,Search,Google Ads
2024-06-16,New Product Launch - Search,92006,2379.0,96.0,884.73,2593.64,Search,Bing Ads
2024-05-09,Summer Sale 2024 - Social,89553,4004.0,163.0,277.91,3993.39,Social Media,Instagram
2024-03-24,New Product Launch - Display,16352,1635.2,79.0,202.22,1723.01,Display,Google Display Network
2024-03-05,Retargeting - Display,34365,1182.0,5.0,479.69,3542.18,Display,Programmatic Display
2024-03-03,Summer Sale 2024 - Social,20446,749.0,149.8,17.26,978.15,Social Media,Instagram
2024-04-10,New Product Launch - Display,3336,333.6,66.72000000000001,35.55,3765.46,Display,Programmatic Display
2024-03-13,Retargeting - Display,63032,4697.0,302.0,557.76,1218.18,Display,Programmatic Display
2024-01-17,Retargeting - Display,76415,4550.0,178.0,525.24,760.55,Display,Programmatic Display
2024-01-09,Summer Sale 2024 - Social,98852,4607.0,176.0,994.64,967.77,Social Media,LinkedIn
2024-05-22,Brand Awareness - Social,99876,2229.0,390.0,209.82,951.21,Social Media,Instagram
2024-05-31,Brand Awareness - Social,8521,852.1,170.42000000000002,265.52,2588.67,Social Media,TikTok
2024-02-07,Retargeting - Display,72707,923.0,56.0,122.41,4231.75,Display,Google Display Network
2024-06-11,Brand Awareness - Social,24481,133.0,26.6,918.37,444.05,Social Media,LinkedIn
2024-04-03,Summer Sale 2024 - Search,19474,1472.0,187.0,780.03,3549.43,Search,Bing Ads
2024-04-04,Retargeting - Display,47760,2725.0,232.0,824.12,3289.01,Display,Programmatic Display
2024-02-18,Retargeting - Display,56718,3230.0,255.0,903.74,4368.97,Display,Google Display Network
2024-03-09,New Product Launch - Display,45629,4366.0,413.0,529.65,1258.53,Display,Google Display Network
2024-03-02,Brand Awareness - Social,46232,4025.0,455.0,456.68,2278.04,Social Media,Instagram
2024-06-26,Retargeting - Display,87544,1441.0,104.0,337.09,4632.85,Display,Google Display Network
2024-03-18,Summer Sale 2024 - Search,68169,3268.0,77.0,593.32,3316.97,Search,Bing Ads
2024-04-26,New Product Launch - Display,51669,4257.0,230.0,459.74,1974.4,Display,Programmatic Display
